,FECHA HECHO,CANTIDAD
0,2010-01-01,102.0
1,2010-01-02,28.0
2,2010-01-03,23.0
3,2010-01-04,25.0
4,2010-01-05,22.0
5,2010-01-06,21.0
6,2010-01-07,19.0
7,2010-01-08,20.0
8,2010-01-09,25.0
9,2010-01-10,30.0
10,2010-01-11,17.0
11,2010-01-12,14.0
12,2010-01-13,15.0
13,2010-01-14,18.0
14,2010-01-15,38.0
15,2010-01-16,18.0
16,2010-01-17,21.0
17,2010-01-18,26.0
18,2010-01-19,12.0
19,2010-01-20,30.0
20,2010-01-21,14.0
21,2010-01-22,13.0
22,2010-01-23,15.0
23,2010-01-24,23.0
24,2010-01-25,15.0
25,2010-01-26,21.0
26,2010-01-27,16.0
27,2010-01-28,27.0
28,2010-01-29,16.0
29,2010-01-30,27.0
30,2010-01-31,21.0
31,2010-02-01,37.0
32,2010-02-02,22.0
33,2010-02-03,26.0
34,2010-02-04,26.0
35,2010-02-05,23.0
36,2010-02-06,27.0
37,2010-02-07,20.0
38,2010-02-08,20.0
39,2010-02-09,25.0
40,2010-02-10,23.0
41,2010-02-11,25.0
42,2010-02-12,24.0
43,2010-02-13,25.0
44,2010-02-14,25.0
45,2010-02-15,29.0
46,2010-02-16,19.0
47,2010-02-17,23.0
48,2010-02-18,17.0
49,2010-02-19,19.0
50,2010-02-20,24.0
51,2010-02-21,17.0
52,2010-02-22,21.0
53,2010-02-23,19.0
54,2010-02-24,19.0
55,2010-02-25,20.0
56,2010-02-26,23.0
57,2010-02-27,20.0
58,2010-02-28,28.0
59,2010-03-01,36.0
60,2010-03-02,16.0
61,2010-03-03,26.0
62,2010-03-04,18.0
63,2010-03-05,14.0
64,2010-03-06,27.0
65,2010-03-07,22.0
66,2010-03-08,29.0
67,2010-03-09,16.0
68,2010-03-10,30.0
69,2010-03-11,17.0
70,2010-03-12,17.0
71,2010-03-13,22.0
72,2010-03-14,20.0
73,2010-03-15,24.0
74,2010-03-16,19.0
75,2010-03-17,9.0
76,2010-03-18,17.0
77,2010-03-19,30.0
78,2010-03-20,27.0
79,2010-03-21,30.0
80,2010-03-22,15.0
81,2010-03-23,16.0
82,2010-03-24,17.0
83,2010-03-25,22.0
84,2010-03-26,18.0
85,2010-03-27,20.0
86,2010-03-28,21.0
87,2010-03-29,15.0
88,2010-03-30,17.0
89,2010-03-31,13.0
90,2010-04-01,28.0
91,2010-04-02,20.0
92,2010-04-03,18.0
93,2010-04-04,20.0
94,2010-04-05,10.0
95,2010-04-06,19.0
96,2010-04-07,26.0
97,2010-04-08,21.0
98,2010-04-09,22.0
99,2010-04-10,22.0
100,2010-04-11,22.0
101,2010-04-12,19.0
102,2010-04-13,12.0
103,2010-04-14,19.0
104,2010-04-15,21.0
105,2010-04-16,19.0
106,2010-04-17,12.0
107,2010-04-18,19.0
108,2010-04-19,18.0
109,2010-04-20,27.0
110,2010-04-21,23.0
111,2010-04-22,15.0
112,2010-04-23,9.0
113,2010-04-24,11.0
114,2010-04-25,12.0
115,2010-04-26,14.0
116,2010-04-27,19.0
117,2010-04-28,17.0
118,2010-04-29,11.0
119,2010-04-30,22.0
120,2010-05-01,26.0
121,2010-05-02,15.0
122,2010-05-03,33.0
123,2010-05-04,18.0
124,2010-05-05,35.0
125,2010-05-06,21.0
126,2010-05-07,24.0
127,2010-05-08,21.0
128,2010-05-09,23.0
129,2010-05-10,26.0
130,2010-05-11,26.0
131,2010-05-12,22.0
132,2010-05-13,20.0
133,2010-05-14,15.0
134,2010-05-15,31.0
135,2010-05-16,36.0
136,2010-05-17,20.0
137,2010-05-18,26.0
138,2010-05-19,28.0
139,2010-05-20,18.0
140,2010-05-21,14.0
141,2010-05-22,9.0
142,2010-05-23,19.0
143,2010-05-24,25.0
144,2010-05-25,17.0
145,2010-05-26,13.0
146,2010-05-27,18.0
147,2010-05-28,14.0
148,2010-05-29,18.0
149,2010-05-30,24.0
150,2010-05-31,15.0
151,2010-06-01,33.0
152,2010-06-02,24.0
153,2010-06-03,18.0
154,2010-06-04,23.0
155,2010-06-05,27.0
156,2010-06-06,24.0
157,2010-06-07,22.0
158,2010-06-08,20.0
159,2010-06-09,27.0
160,2010-06-10,28.0
161,2010-06-11,21.0
162,2010-06-12,17.0
163,2010-06-13,14.0
164,2010-06-14,15.0
165,2010-06-15,23.0
166,2010-06-16,16.0
167,2010-06-17,20.0
168,2010-06-18,16.0
169,2010-06-19,13.0
170,2010-06-20,12.0
171,2010-06-21,22.0
172,2010-06-22,12.0
173,2010-06-23,18.0
174,2010-06-24,18.0
175,2010-06-25,14.0
176,2010-06-26,18.0
177,2010-06-27,16.0
178,2010-06-28,13.0
179,2010-06-29,10.0
180,2010-06-30,19.0
181,2010-07-01,27.0
182,2010-07-02,9.0
183,2010-07-03,23.0
184,2010-07-04,25.0
185,2010-07-05,18.0
186,2010-07-06,13.0
187,2010-07-07,13.0
188,2010-07-08,14.0
189,2010-07-09,17.0
190,2010-07-10,14.0
191,2010-07-11,20.0
192,2010-07-12,14.0
193,2010-07-13,22.0
194,2010-07-14,14.0
195,2010-07-15,25.0
196,2010-07-16,15.0
197,2010-07-17,22.0
198,2010-07-18,22.0
199,2010-07-19,18.0
200,2010-07-20,14.0
201,2010-07-21,17.0
202,2010-07-22,19.0
203,2010-07-23,15.0
204,2010-07-24,18.0
205,2010-07-25,16.0
206,2010-07-26,22.0
207,2010-07-27,20.0
208,2010-07-28,20.0
209,2010-07-29,11.0
210,2010-07-30,21.0
211,2010-07-31,22.0
212,2010-08-01,32.0
213,2010-08-02,25.0
214,2010-08-03,8.0
215,2010-08-04,13.0
216,2010-08-05,20.0
217,2010-08-06,17.0
218,2010-08-07,21.0
219,2010-08-08,22.0
220,2010-08-09,20.0
221,2010-08-10,17.0
222,2010-08-11,23.0
223,2010-08-12,16.0
224,2010-08-13,12.0
225,2010-08-14,16.0
226,2010-08-15,22.0
227,2010-08-16,18.0
228,2010-08-17,18.0
229,2010-08-18,22.0
230,2010-08-19,11.0
231,2010-08-20,26.0
232,2010-08-21,19.0
233,2010-08-22,23.0
234,2010-08-23,16.0
235,2010-08-24,28.0
236,2010-08-25,17.0
237,2010-08-26,22.0
238,2010-08-27,17.0
239,2010-08-28,16.0
240,2010-08-29,17.0
241,2010-08-30,17.0
242,2010-08-31,23.0
243,2010-09-01,32.0
244,2010-09-02,15.0
245,2010-09-03,15.0
246,2010-09-04,26.0
247,2010-09-05,25.0
248,2010-09-06,21.0
249,2010-09-07,11.0
250,2010-09-08,16.0
251,2010-09-09,17.0
252,2010-09-10,23.0
253,2010-09-11,20.0
254,2010-09-12,25.0
255,2010-09-13,17.0
256,2010-09-14,15.0
257,2010-09-15,20.0
258,2010-09-16,20.0
259,2010-09-17,13.0
260,2010-09-18,23.0
261,2010-09-19,22.0
262,2010-09-20,28.0
263,2010-09-21,14.0
264,2010-09-22,14.0
265,2010-09-23,10.0
266,2010-09-24,10.0
267,2010-09-25,26.0
268,2010-09-26,19.0
269,2010-09-27,20.0
270,2010-09-28,13.0
271,2010-09-29,8.0
272,2010-09-30,15.0
273,2010-10-01,39.0
274,2010-10-02,17.0
275,2010-10-03,19.0
276,2010-10-04,26.0
277,2010-10-05,17.0
278,2010-10-06,14.0
279,2010-10-07,25.0
280,2010-10-08,14.0
281,2010-10-09,14.0
282,2010-10-10,16.0
283,2010-10-11,19.0
284,2010-10-12,22.0
285,2010-10-13,13.0
286,2010-10-14,8.0
287,2010-10-15,20.0
288,2010-10-16,16.0
289,2010-10-17,19.0
290,2010-10-18,16.0
291,2010-10-19,21.0
292,2010-10-20,23.0
293,2010-10-21,15.0
294,2010-10-22,16.0
295,2010-10-23,21.0
296,2010-10-24,16.0
297,2010-10-25,15.0
298,2010-10-26,9.0
299,2010-10-27,13.0
300,2010-10-28,9.0
301,2010-10-29,13.0
302,2010-10-30,18.0
303,2010-10-31,16.0
304,2010-11-01,28.0
305,2010-11-02,23.0
306,2010-11-03,14.0
307,2010-11-04,13.0
308,2010-11-05,20.0
309,2010-11-06,11.0
310,2010-11-07,21.0
311,2010-11-08,20.0
312,2010-11-09,14.0
313,2010-11-10,10.0
314,2010-11-11,11.0
315,2010-11-12,18.0
316,2010-11-13,20.0
317,2010-11-14,17.0
318,2010-11-15,19.0
319,2010-11-16,14.0
320,2010-11-17,18.0
321,2010-11-18,14.0
322,2010-11-19,10.0
323,2010-11-20,22.0
324,2010-11-21,6.0
325,2010-11-22,15.0
326,2010-11-23,14.0
327,2010-11-24,16.0
328,2010-11-25,14.0
329,2010-11-26,15.0
330,2010-11-27,11.0
331,2010-11-28,14.0
332,2010-11-29,13.0
333,2010-11-30,13.0
334,2010-12-01,15.0
335,2010-12-02,14.0
336,2010-12-03,4.0
337,2010-12-04,13.0
338,2010-12-05,22.0
339,2010-12-06,15.0
340,2010-12-07,13.0
341,2010-12-08,21.0
342,2010-12-09,10.0
343,2010-12-10,12.0
344,2010-12-11,15.0
345,2010-12-12,19.0
346,2010-12-13,10.0
347,2010-12-14,13.0
348,2010-12-15,12.0
349,2010-12-16,7.0
350,2010-12-17,11.0
351,2010-12-18,9.0
352,2010-12-19,13.0
353,2010-12-20,16.0
354,2010-12-21,4.0
355,2010-12-22,12.0
356,2010-12-23,7.0
357,2010-12-24,8.0
358,2010-12-25,28.0
359,2010-12-26,10.0
360,2010-12-27,10.0
361,2010-12-28,6.0
362,2010-12-29,4.0
363,2010-12-30,3.0
364,2010-12-31,4.0
365,2011-01-01,116.0
366,2011-01-02,26.0
367,2011-01-03,27.0
368,2011-01-04,22.0
369,2011-01-05,21.0
370,2011-01-06,16.0
371,2011-01-07,23.0
372,2011-01-08,25.0
373,2011-01-09,20.0
374,2011-01-10,28.0
375,2011-01-11,15.0
376,2011-01-12,33.0
377,2011-01-13,24.0
378,2011-01-14,28.0
379,2011-01-15,28.0
380,2011-01-16,24.0
381,2011-01-17,23.0
382,2011-01-18,22.0
383,2011-01-19,22.0
384,2011-01-20,28.0
385,2011-01-21,21.0
386,2011-01-22,22.0
387,2011-01-23,31.0
388,2011-01-24,25.0
389,2011-01-25,21.0
390,2011-01-26,18.0
391,2011-01-27,21.0
392,2011-01-28,28.0
393,2011-01-29,22.0
394,2011-01-30,19.0
395,2011-01-31,21.0
396,2011-02-01,53.0
397,2011-02-02,24.0
398,2011-02-03,23.0
399,2011-02-04,25.0
400,2011-02-05,30.0
401,2011-02-06,26.0
402,2011-02-07,28.0
403,2011-02-08,28.0
404,2011-02-09,23.0
405,2011-02-10,23.0
406,2011-02-11,23.0
407,2011-02-12,30.0
408,2011-02-13,29.0
409,2011-02-14,29.0
410,2011-02-15,17.0
411,2011-02-16,21.0
412,2011-02-17,23.0
413,2011-02-18,24.0
414,2011-02-19,26.0
415,2011-02-20,22.0
416,2011-02-21,26.0
417,2011-02-22,30.0
418,2011-02-23,21.0
419,2011-02-24,16.0
420,2011-02-25,23.0
421,2011-02-26,23.0
422,2011-02-27,22.0
423,2011-02-28,26.0
424,2011-03-01,50.0
425,2011-03-02,28.0
426,2011-03-03,18.0
427,2011-03-04,23.0
428,2011-03-05,21.0
429,2011-03-06,35.0
430,2011-03-07,21.0
431,2011-03-08,28.0
432,2011-03-09,29.0
433,2011-03-10,24.0
434,2011-03-11,33.0
435,2011-03-12,29.0
436,2011-03-13,26.0
437,2011-03-14,27.0
438,2011-03-15,32.0
439,2011-03-16,26.0
440,2011-03-17,23.0
441,2011-03-18,22.0
442,2011-03-19,25.0
443,2011-03-20,31.0
444,2011-03-21,18.0
445,2011-03-22,24.0
446,2011-03-23,25.0
447,2011-03-24,27.0
448,2011-03-25,27.0
449,2011-03-26,25.0
450,2011-03-27,21.0
451,2011-03-28,22.0
452,2011-03-29,35.0
453,2011-03-30,14.0
454,2011-03-31,18.0
455,2011-04-01,37.0
456,2011-04-02,20.0
457,2011-04-03,24.0
458,2011-04-04,32.0
459,2011-04-05,21.0
460,2011-04-06,28.0
461,2011-04-07,20.0
462,2011-04-08,30.0
463,2011-04-09,26.0
464,2011-04-10,27.0
465,2011-04-11,32.0
466,2011-04-12,27.0
467,2011-04-13,25.0
468,2011-04-14,21.0
469,2011-04-15,30.0
470,2011-04-16,26.0
471,2011-04-17,40.0
472,2011-04-18,16.0
473,2011-04-19,18.0
474,2011-04-20,20.0
475,2011-04-21,15.0
476,2011-04-22,14.0
477,2011-04-23,22.0
478,2011-04-24,16.0
479,2011-04-25,22.0
480,2011-04-26,23.0
481,2011-04-27,14.0
482,2011-04-28,18.0
483,2011-04-29,23.0
484,2011-04-30,19.0
485,2011-05-01,39.0
486,2011-05-02,24.0
487,2011-05-03,26.0
488,2011-05-04,21.0
489,2011-05-05,33.0
490,2011-05-06,30.0
491,2011-05-07,48.0
492,2011-05-08,34.0
493,2011-05-09,25.0
494,2011-05-10,25.0
495,2011-05-11,25.0
496,2011-05-12,19.0
497,2011-05-13,21.0
498,2011-05-14,25.0
499,2011-05-15,34.0
500,2011-05-16,30.0
501,2011-05-17,40.0
502,2011-05-18,28.0
503,2011-05-19,19.0
504,2011-05-20,21.0
505,2011-05-21,25.0
506,2011-05-22,24.0
507,2011-05-23,23.0
508,2011-05-24,19.0
509,2011-05-25,28.0
510,2011-05-26,19.0
511,2011-05-27,17.0
512,2011-05-28,19.0
513,2011-05-29,23.0
514,2011-05-30,30.0
515,2011-05-31,27.0
516,2011-06-01,58.0
517,2011-06-02,25.0
518,2011-06-03,23.0
519,2011-06-04,15.0
520,2011-06-05,26.0
521,2011-06-06,21.0
522,2011-06-07,16.0
523,2011-06-08,27.0
524,2011-06-09,20.0
525,2011-06-10,22.0
526,2011-06-11,23.0
527,2011-06-12,26.0
528,2011-06-13,25.0
529,2011-06-14,19.0
530,2011-06-15,34.0
531,2011-06-16,18.0
532,2011-06-17,27.0
533,2011-06-18,21.0
534,2011-06-19,25.0
535,2011-06-20,27.0
536,2011-06-21,23.0
537,2011-06-22,17.0
538,2011-06-23,23.0
539,2011-06-24,33.0
540,2011-06-25,12.0
541,2011-06-26,17.0
542,2011-06-27,19.0
543,2011-06-28,17.0
544,2011-06-29,11.0
545,2011-06-30,8.0
546,2011-07-01,44.0
547,2011-07-02,19.0
548,2011-07-03,23.0
549,2011-07-04,12.0
550,2011-07-05,27.0
551,2011-07-06,24.0
552,2011-07-07,16.0
553,2011-07-08,21.0
554,2011-07-09,19.0
555,2011-07-10,18.0
556,2011-07-11,29.0
557,2011-07-12,14.0
558,2011-07-13,19.0
559,2011-07-14,10.0
560,2011-07-15,28.0
561,2011-07-16,23.0
562,2011-07-17,28.0
563,2011-07-18,31.0
564,2011-07-19,24.0
565,2011-07-20,14.0
566,2011-07-21,31.0
567,2011-07-22,26.0
568,2011-07-23,25.0
569,2011-07-24,24.0
570,2011-07-25,28.0
571,2011-07-26,13.0
572,2011-07-27,21.0
573,2011-07-28,13.0
574,2011-07-29,23.0
575,2011-07-30,18.0
576,2011-07-31,13.0
577,2011-08-01,36.0
578,2011-08-02,19.0
579,2011-08-03,23.0
580,2011-08-04,13.0
581,2011-08-05,22.0
582,2011-08-06,30.0
583,2011-08-07,19.0
584,2011-08-08,19.0
585,2011-08-09,24.0
586,2011-08-10,15.0
587,2011-08-11,20.0
588,2011-08-12,24.0
589,2011-08-13,21.0
590,2011-08-14,22.0
591,2011-08-15,26.0
592,2011-08-16,25.0
593,2011-08-17,20.0
594,2011-08-18,30.0
595,2011-08-19,24.0
596,2011-08-20,32.0
597,2011-08-21,20.0
598,2011-08-22,27.0
599,2011-08-23,22.0
600,2011-08-24,22.0
601,2011-08-25,26.0
602,2011-08-26,17.0
603,2011-08-27,27.0
604,2011-08-28,27.0
605,2011-08-29,32.0
606,2011-08-30,28.0
607,2011-08-31,34.0
608,2011-09-01,32.0
609,2011-09-02,21.0
610,2011-09-03,21.0
611,2011-09-04,19.0
612,2011-09-05,36.0
613,2011-09-06,22.0
614,2011-09-07,16.0
615,2011-09-08,29.0
616,2011-09-09,20.0
617,2011-09-10,29.0
618,2011-09-11,27.0
619,2011-09-12,34.0
620,2011-09-13,33.0
621,2011-09-14,27.0
622,2011-09-15,23.0
623,2011-09-16,25.0
624,2011-09-17,23.0
625,2011-09-18,30.0
626,2011-09-19,24.0
627,2011-09-20,33.0
628,2011-09-21,20.0
629,2011-09-22,24.0
630,2011-09-23,26.0
631,2011-09-24,23.0
632,2011-09-25,26.0
633,2011-09-26,25.0
634,2011-09-27,17.0
635,2011-09-28,24.0
636,2011-09-29,19.0
637,2011-09-30,15.0
638,2011-10-01,35.0
639,2011-10-02,19.0
640,2011-10-03,21.0
641,2011-10-04,15.0
642,2011-10-05,25.0
643,2011-10-06,15.0
644,2011-10-07,27.0
645,2011-10-08,15.0
646,2011-10-09,19.0
647,2011-10-10,30.0
648,2011-10-11,18.0
649,2011-10-12,23.0
650,2011-10-13,7.0
651,2011-10-14,23.0
652,2011-10-15,27.0
653,2011-10-16,26.0
654,2011-10-17,11.0
655,2011-10-18,17.0
656,2011-10-19,12.0
657,2011-10-20,26.0
658,2011-10-21,24.0
659,2011-10-22,18.0
660,2011-10-23,36.0
661,2011-10-24,23.0
662,2011-10-25,16.0
663,2011-10-26,26.0
664,2011-10-27,26.0
665,2011-10-28,28.0
666,2011-10-29,18.0
667,2011-10-30,15.0
668,2011-10-31,18.0
669,2011-11-01,26.0
670,2011-11-02,11.0
671,2011-11-03,11.0
672,2011-11-04,22.0
673,2011-11-05,24.0
674,2011-11-06,24.0
675,2011-11-07,15.0
676,2011-11-08,21.0
677,2011-11-09,20.0
678,2011-11-10,9.0
679,2011-11-11,25.0
680,2011-11-12,11.0
681,2011-11-13,22.0
682,2011-11-14,13.0
683,2011-11-15,27.0
684,2011-11-16,23.0
685,2011-11-17,10.0
686,2011-11-18,9.0
687,2011-11-19,14.0
688,2011-11-20,24.0
689,2011-11-21,15.0
690,2011-11-22,21.0
691,2011-11-23,10.0
692,2011-11-24,17.0
693,2011-11-25,19.0
694,2011-11-26,16.0
695,2011-11-27,9.0
696,2011-11-28,8.0
697,2011-11-29,13.0
698,2011-11-30,10.0
699,2011-12-01,13.0
700,2011-12-02,8.0
701,2011-12-03,7.0
702,2011-12-04,26.0
703,2011-12-05,18.0
704,2011-12-06,11.0
705,2011-12-07,13.0
706,2011-12-08,9.0
707,2011-12-09,9.0
708,2011-12-10,8.0
709,2011-12-11,14.0
710,2011-12-12,19.0
711,2011-12-13,12.0
712,2011-12-14,11.0
713,2011-12-15,20.0
714,2011-12-16,8.0
715,2011-12-17,10.0
716,2011-12-18,17.0
717,2011-12-19,19.0
718,2011-12-20,10.0
719,2011-12-21,8.0
720,2011-12-22,9.0
721,2011-12-23,10.0
722,2011-12-24,9.0
723,2011-12-25,27.0
724,2011-12-26,10.0
725,2011-12-27,11.0
726,2011-12-28,11.0
727,2011-12-29,2.0
728,2011-12-30,5.0
729,2011-12-31,8.0
730,2012-01-01,200.0
731,2012-01-02,46.0
732,2012-01-03,27.0
733,2012-01-04,29.0
734,2012-01-05,33.0
735,2012-01-06,36.0
736,2012-01-07,27.0
737,2012-01-08,32.0
738,2012-01-09,20.0
739,2012-01-10,38.0
740,2012-01-11,30.0
741,2012-01-12,25.0
742,2012-01-13,36.0
743,2012-01-14,31.0
744,2012-01-15,55.0
745,2012-01-16,37.0
746,2012-01-17,33.0
747,2012-01-18,28.0
748,2012-01-19,38.0
749,2012-01-20,57.0
750,2012-01-21,29.0
751,2012-01-22,33.0
752,2012-01-23,25.0
753,2012-01-24,20.0
754,2012-01-25,35.0
755,2012-01-26,31.0
756,2012-01-27,38.0
757,2012-01-28,32.0
758,2012-01-29,38.0
759,2012-01-30,29.0
760,2012-01-31,25.0
761,2012-02-01,76.0
762,2012-02-02,44.0
763,2012-02-03,30.0
764,2012-02-04,26.0
765,2012-02-05,44.0
766,2012-02-06,32.0
767,2012-02-07,25.0
768,2012-02-08,27.0
769,2012-02-09,28.0
770,2012-02-10,48.0
771,2012-02-11,31.0
772,2012-02-12,36.0
773,2012-02-13,42.0
774,2012-02-14,30.0
775,2012-02-15,67.0
776,2012-02-16,36.0
777,2012-02-17,31.0
778,2012-02-18,31.0
779,2012-02-19,32.0
780,2012-02-20,31.0
781,2012-02-21,29.0
782,2012-02-22,36.0
783,2012-02-23,27.0
784,2012-02-24,33.0
785,2012-02-25,33.0
786,2012-02-26,33.0
787,2012-02-27,32.0
788,2012-02-28,27.0
789,2012-02-29,38.0
790,2012-03-01,85.0
791,2012-03-02,38.0
792,2012-03-03,35.0
793,2012-03-04,36.0
794,2012-03-05,37.0
795,2012-03-06,27.0
796,2012-03-07,35.0
797,2012-03-08,40.0
798,2012-03-09,31.0
799,2012-03-10,34.0
800,2012-03-11,39.0
801,2012-03-12,30.0
802,2012-03-13,38.0
803,2012-03-14,29.0
804,2012-03-15,42.0
805,2012-03-16,31.0
806,2012-03-17,28.0
807,2012-03-18,29.0
808,2012-03-19,25.0
809,2012-03-20,34.0
810,2012-03-21,27.0
811,2012-03-22,28.0
812,2012-03-23,38.0
813,2012-03-24,26.0
814,2012-03-25,28.0
815,2012-03-26,42.0
816,2012-03-27,22.0
817,2012-03-28,39.0
818,2012-03-29,22.0
819,2012-03-30,36.0
820,2012-03-31,27.0
821,2012-04-01,74.0
822,2012-04-02,41.0
823,2012-04-03,30.0
824,2012-04-04,30.0
825,2012-04-05,27.0
826,2012-04-06,22.0
827,2012-04-07,20.0
828,2012-04-08,16.0
829,2012-04-09,35.0
830,2012-04-10,39.0
831,2012-04-11,26.0
832,2012-04-12,27.0
833,2012-04-13,27.0
834,2012-04-14,36.0
835,2012-04-15,34.0
836,2012-04-16,28.0
837,2012-04-17,29.0
838,2012-04-18,32.0
839,2012-04-19,26.0
840,2012-04-20,33.0
841,2012-04-21,23.0
842,2012-04-22,43.0
843,2012-04-23,36.0
844,2012-04-24,31.0
845,2012-04-25,35.0
846,2012-04-26,29.0
847,2012-04-27,33.0
848,2012-04-28,29.0
849,2012-04-29,30.0
850,2012-04-30,39.0
851,2012-05-01,70.0
852,2012-05-02,36.0
853,2012-05-03,34.0
854,2012-05-04,33.0
855,2012-05-05,41.0
856,2012-05-06,35.0
857,2012-05-07,47.0
858,2012-05-08,33.0
859,2012-05-09,39.0
860,2012-05-10,41.0
861,2012-05-11,21.0
862,2012-05-12,38.0
863,2012-05-13,37.0
864,2012-05-14,38.0
865,2012-05-15,44.0
866,2012-05-16,31.0
867,2012-05-17,27.0
868,2012-05-18,39.0
869,2012-05-19,20.0
870,2012-05-20,32.0
871,2012-05-21,27.0
872,2012-05-22,33.0
873,2012-05-23,31.0
874,2012-05-24,33.0
875,2012-05-25,28.0
876,2012-05-26,42.0
877,2012-05-27,34.0
878,2012-05-28,30.0
879,2012-05-29,26.0
880,2012-05-30,25.0
881,2012-05-31,30.0
882,2012-06-01,78.0
883,2012-06-02,36.0
884,2012-06-03,37.0
885,2012-06-04,34.0
886,2012-06-05,32.0
887,2012-06-06,37.0
888,2012-06-07,31.0
889,2012-06-08,39.0
890,2012-06-09,39.0
891,2012-06-10,31.0
892,2012-06-11,30.0
893,2012-06-12,50.0
894,2012-06-13,39.0
895,2012-06-14,46.0
896,2012-06-15,49.0
897,2012-06-16,37.0
898,2012-06-17,41.0
899,2012-06-18,28.0
900,2012-06-19,24.0
901,2012-06-20,41.0
902,2012-06-21,36.0
903,2012-06-22,23.0
904,2012-06-23,31.0
905,2012-06-24,36.0
906,2012-06-25,24.0
907,2012-06-26,21.0
908,2012-06-27,25.0
909,2012-06-28,27.0
910,2012-06-29,25.0
911,2012-06-30,18.0
912,2012-07-01,53.0
913,2012-07-02,26.0
914,2012-07-03,27.0
915,2012-07-04,24.0
916,2012-07-05,27.0
917,2012-07-06,30.0
918,2012-07-07,33.0
919,2012-07-08,24.0
920,2012-07-09,36.0
921,2012-07-10,27.0
922,2012-07-11,25.0
923,2012-07-12,40.0
924,2012-07-13,28.0
925,2012-07-14,30.0
926,2012-07-15,36.0
927,2012-07-16,33.0
928,2012-07-17,30.0
929,2012-07-18,40.0
930,2012-07-19,20.0
931,2012-07-20,25.0
932,2012-07-21,30.0
933,2012-07-22,35.0
934,2012-07-23,41.0
935,2012-07-24,33.0
936,2012-07-25,22.0
937,2012-07-26,33.0
938,2012-07-27,27.0
939,2012-07-28,19.0
940,2012-07-29,30.0
941,2012-07-30,29.0
942,2012-07-31,24.0
943,2012-08-01,63.0
944,2012-08-02,32.0
945,2012-08-03,38.0
946,2012-08-04,18.0
947,2012-08-05,38.0
948,2012-08-06,36.0
949,2012-08-07,33.0
950,2012-08-08,41.0
951,2012-08-09,27.0
952,2012-08-10,35.0
953,2012-08-11,18.0
954,2012-08-12,39.0
955,2012-08-13,37.0
956,2012-08-14,31.0
957,2012-08-15,41.0
958,2012-08-16,31.0
959,2012-08-17,43.0
960,2012-08-18,27.0
961,2012-08-19,35.0
962,2012-08-20,36.0
963,2012-08-21,41.0
964,2012-08-22,31.0
965,2012-08-23,28.0
966,2012-08-24,38.0
967,2012-08-25,25.0
968,2012-08-26,29.0
969,2012-08-27,34.0
970,2012-08-28,24.0
971,2012-08-29,30.0
972,2012-08-30,32.0
973,2012-08-31,24.0
974,2012-09-01,45.0
975,2012-09-02,39.0
976,2012-09-03,28.0
977,2012-09-04,33.0
978,2012-09-05,34.0
979,2012-09-06,25.0
980,2012-09-07,37.0
981,2012-09-08,33.0
982,2012-09-09,48.0
983,2012-09-10,35.0
984,2012-09-11,34.0
985,2012-09-12,29.0
986,2012-09-13,38.0
987,2012-09-14,26.0
988,2012-09-15,32.0
989,2012-09-16,42.0
990,2012-09-17,40.0
991,2012-09-18,31.0
992,2012-09-19,24.0
993,2012-09-20,28.0
994,2012-09-21,25.0
995,2012-09-22,28.0
996,2012-09-23,31.0
997,2012-09-24,45.0
998,2012-09-25,19.0
999,2012-09-26,14.0
1000,2012-09-27,23.0
1001,2012-09-28,25.0
1002,2012-09-29,30.0
1003,2012-09-30,37.0
1004,2012-10-01,56.0
1005,2012-10-02,24.0
1006,2012-10-03,36.0
1007,2012-10-04,22.0
1008,2012-10-05,33.0
1009,2012-10-06,32.0
1010,2012-10-07,29.0
1011,2012-10-08,39.0
1012,2012-10-09,23.0
1013,2012-10-10,29.0
1014,2012-10-11,21.0
1015,2012-10-12,22.0
1016,2012-10-13,25.0
1017,2012-10-14,34.0
1018,2012-10-15,30.0
1019,2012-10-16,30.0
1020,2012-10-17,30.0
1021,2012-10-18,24.0
1022,2012-10-19,21.0
1023,2012-10-20,31.0
1024,2012-10-21,36.0
1025,2012-10-22,28.0
1026,2012-10-23,20.0
1027,2012-10-24,21.0
1028,2012-10-25,22.0
1029,2012-10-26,32.0
1030,2012-10-27,23.0
1031,2012-10-28,31.0
1032,2012-10-29,26.0
1033,2012-10-30,23.0
1034,2012-10-31,22.0
1035,2012-11-01,45.0
1036,2012-11-02,26.0
1037,2012-11-03,36.0
1038,2012-11-04,31.0
1039,2012-11-05,26.0
1040,2012-11-06,14.0
1041,2012-11-07,27.0
1042,2012-11-08,17.0
1043,2012-11-09,22.0
1044,2012-11-10,30.0
1045,2012-11-11,29.0
1046,2012-11-12,27.0
1047,2012-11-13,32.0
1048,2012-11-14,21.0
1049,2012-11-15,26.0
1050,2012-11-16,14.0
1051,2012-11-17,19.0
1052,2012-11-18,16.0
1053,2012-11-19,15.0
1054,2012-11-20,32.0
1055,2012-11-21,24.0
1056,2012-11-22,24.0
1057,2012-11-23,22.0
1058,2012-11-24,22.0
1059,2012-11-25,22.0
1060,2012-11-26,19.0
1061,2012-11-27,21.0
1062,2012-11-28,19.0
1063,2012-11-29,18.0
1064,2012-11-30,14.0
1065,2012-12-01,37.0
1066,2012-12-02,29.0
1067,2012-12-03,25.0
1068,2012-12-04,23.0
1069,2012-12-05,12.0
1070,2012-12-06,17.0
1071,2012-12-07,22.0
1072,2012-12-08,34.0
1073,2012-12-09,26.0
1074,2012-12-10,20.0
1075,2012-12-11,26.0
1076,2012-12-12,13.0
1077,2012-12-13,12.0
1078,2012-12-14,17.0
1079,2012-12-15,24.0
1080,2012-12-16,22.0
1081,2012-12-17,16.0
1082,2012-12-18,20.0
1083,2012-12-19,18.0
1084,2012-12-20,15.0
1085,2012-12-21,10.0
1086,2012-12-22,12.0
1087,2012-12-23,18.0
1088,2012-12-24,12.0
1089,2012-12-25,39.0
1090,2012-12-26,13.0
1091,2012-12-27,14.0
1092,2012-12-28,12.0
1093,2012-12-29,11.0
1094,2012-12-30,18.0
1095,2012-12-31,14.0
1096,2013-01-01,194.0
1097,2013-01-02,50.0
1098,2013-01-03,43.0
1099,2013-01-04,41.0
1100,2013-01-05,39.0
1101,2013-01-06,38.0
1102,2013-01-07,27.0
1103,2013-01-08,62.0
1104,2013-01-09,34.0
1105,2013-01-10,47.0
1106,2013-01-11,27.0
1107,2013-01-12,33.0
1108,2013-01-13,44.0
1109,2013-01-14,34.0
1110,2013-01-15,55.0
1111,2013-01-16,39.0
1112,2013-01-17,33.0
1113,2013-01-18,44.0
1114,2013-01-19,37.0
1115,2013-01-20,42.0
1116,2013-01-21,27.0
1117,2013-01-22,46.0
1118,2013-01-23,45.0
1119,2013-01-24,28.0
1120,2013-01-25,38.0
1121,2013-01-26,40.0
1122,2013-01-27,37.0
1123,2013-01-28,42.0
1124,2013-01-29,29.0
1125,2013-01-30,38.0
1126,2013-01-31,26.0
1127,2013-02-01,107.0
1128,2013-02-02,40.0
1129,2013-02-03,43.0
1130,2013-02-04,51.0
1131,2013-02-05,38.0
1132,2013-02-06,44.0
1133,2013-02-07,32.0
1134,2013-02-08,40.0
1135,2013-02-09,26.0
1136,2013-02-10,32.0
1137,2013-02-11,40.0
1138,2013-02-12,42.0
1139,2013-02-13,37.0
1140,2013-02-14,44.0
1141,2013-02-15,34.0
1142,2013-02-16,32.0
1143,2013-02-17,41.0
1144,2013-02-18,34.0
1145,2013-02-19,35.0
1146,2013-02-20,35.0
1147,2013-02-21,37.0
1148,2013-02-22,36.0
1149,2013-02-23,36.0
1150,2013-02-24,45.0
1151,2013-02-25,46.0
1152,2013-02-26,47.0
1153,2013-02-27,31.0
1154,2013-02-28,47.0
1155,2013-03-01,70.0
1156,2013-03-02,45.0
1157,2013-03-03,44.0
1158,2013-03-04,37.0
1159,2013-03-05,32.0
1160,2013-03-06,34.0
1161,2013-03-07,41.0
1162,2013-03-08,46.0
1163,2013-03-09,33.0
1164,2013-03-10,29.0
1165,2013-03-11,49.0
1166,2013-03-12,38.0
1167,2013-03-13,41.0
1168,2013-03-14,23.0
1169,2013-03-15,36.0
1170,2013-03-16,38.0
1171,2013-03-17,37.0
1172,2013-03-18,43.0
1173,2013-03-19,25.0
1174,2013-03-20,37.0
1175,2013-03-21,30.0
1176,2013-03-22,49.0
1177,2013-03-23,27.0
1178,2013-03-24,24.0
1179,2013-03-25,24.0
1180,2013-03-26,26.0
1181,2013-03-27,25.0
1182,2013-03-28,35.0
1183,2013-03-29,34.0
1184,2013-03-30,28.0
1185,2013-03-31,26.0
1186,2013-04-01,84.0
1187,2013-04-02,29.0
1188,2013-04-03,44.0
1189,2013-04-04,32.0
1190,2013-04-05,22.0
1191,2013-04-06,23.0
1192,2013-04-07,33.0
1193,2013-04-08,39.0
1194,2013-04-09,34.0
1195,2013-04-10,61.0
1196,2013-04-11,33.0
1197,2013-04-12,57.0
1198,2013-04-13,37.0
1199,2013-04-14,50.0
1200,2013-04-15,49.0
1201,2013-04-16,44.0
1202,2013-04-17,49.0
1203,2013-04-18,30.0
1204,2013-04-19,34.0
1205,2013-04-20,31.0
1206,2013-04-21,42.0
1207,2013-04-22,44.0
1208,2013-04-23,30.0
1209,2013-04-24,31.0
1210,2013-04-25,33.0
1211,2013-04-26,31.0
1212,2013-04-27,29.0
1213,2013-04-28,35.0
1214,2013-04-29,29.0
1215,2013-04-30,28.0
1216,2013-05-01,64.0
1217,2013-05-02,51.0
1218,2013-05-03,46.0
1219,2013-05-04,43.0
1220,2013-05-05,44.0
1221,2013-05-06,38.0
1222,2013-05-07,43.0
1223,2013-05-08,39.0
1224,2013-05-09,42.0
1225,2013-05-10,38.0
1226,2013-05-11,42.0
1227,2013-05-12,42.0
1228,2013-05-13,44.0
1229,2013-05-14,26.0
1230,2013-05-15,67.0
1231,2013-05-16,43.0
1232,2013-05-17,27.0
1233,2013-05-18,32.0
1234,2013-05-19,40.0
1235,2013-05-20,40.0
1236,2013-05-21,34.0
1237,2013-05-22,30.0
1238,2013-05-23,34.0
1239,2013-05-24,34.0
1240,2013-05-25,37.0
1241,2013-05-26,33.0
1242,2013-05-27,27.0
1243,2013-05-28,45.0
1244,2013-05-29,25.0
1245,2013-05-30,27.0
1246,2013-05-31,32.0
1247,2013-06-01,56.0
1248,2013-06-02,29.0
1249,2013-06-03,36.0
1250,2013-06-04,37.0
1251,2013-06-05,37.0
1252,2013-06-06,37.0
1253,2013-06-07,41.0
1254,2013-06-08,28.0
1255,2013-06-09,38.0
1256,2013-06-10,24.0
1257,2013-06-11,21.0
1258,2013-06-12,35.0
1259,2013-06-13,23.0
1260,2013-06-14,38.0
1261,2013-06-15,53.0
1262,2013-06-16,38.0
1263,2013-06-17,26.0
1264,2013-06-18,29.0
1265,2013-06-19,29.0
1266,2013-06-20,32.0
1267,2013-06-21,24.0
1268,2013-06-22,29.0
1269,2013-06-23,35.0
1270,2013-06-24,33.0
1271,2013-06-25,34.0
1272,2013-06-26,36.0
1273,2013-06-27,27.0
1274,2013-06-28,19.0
1275,2013-06-29,32.0
1276,2013-06-30,30.0
1277,2013-07-01,60.0
1278,2013-07-02,30.0
1279,2013-07-03,22.0
1280,2013-07-04,25.0
1281,2013-07-05,34.0
1282,2013-07-06,26.0
1283,2013-07-07,38.0
1284,2013-07-08,26.0
1285,2013-07-09,36.0
1286,2013-07-10,44.0
1287,2013-07-11,33.0
1288,2013-07-12,38.0
1289,2013-07-13,32.0
1290,2013-07-14,37.0
1291,2013-07-15,47.0
1292,2013-07-16,31.0
1293,2013-07-17,24.0
1294,2013-07-18,27.0
1295,2013-07-19,24.0
1296,2013-07-20,34.0
1297,2013-07-21,34.0
1298,2013-07-22,28.0
1299,2013-07-23,19.0
1300,2013-07-24,25.0
1301,2013-07-25,27.0
1302,2013-07-26,41.0
1303,2013-07-27,44.0
1304,2013-07-28,47.0
1305,2013-07-29,32.0
1306,2013-07-30,33.0
1307,2013-07-31,26.0
1308,2013-08-01,42.0
1309,2013-08-02,25.0
1310,2013-08-03,34.0
1311,2013-08-04,26.0
1312,2013-08-05,35.0
1313,2013-08-06,24.0
1314,2013-08-07,23.0
1315,2013-08-08,26.0
1316,2013-08-09,34.0
1317,2013-08-10,33.0
1318,2013-08-11,22.0
1319,2013-08-12,41.0
1320,2013-08-13,29.0
1321,2013-08-14,29.0
1322,2013-08-15,38.0
1323,2013-08-16,31.0
1324,2013-08-17,28.0
1325,2013-08-18,37.0
1326,2013-08-19,14.0
1327,2013-08-20,36.0
1328,2013-08-21,25.0
1329,2013-08-22,33.0
1330,2013-08-23,25.0
1331,2013-08-24,37.0
1332,2013-08-25,35.0
1333,2013-08-26,27.0
1334,2013-08-27,29.0
1335,2013-08-28,34.0
1336,2013-08-29,27.0
1337,2013-08-30,32.0
1338,2013-08-31,43.0
1339,2013-09-01,58.0
1340,2013-09-02,44.0
1341,2013-09-03,26.0
1342,2013-09-04,30.0
1343,2013-09-05,28.0
1344,2013-09-06,39.0
1345,2013-09-07,38.0
1346,2013-09-08,37.0
1347,2013-09-09,32.0
1348,2013-09-10,21.0
1349,2013-09-11,24.0
1350,2013-09-12,25.0
1351,2013-09-13,29.0
1352,2013-09-14,20.0
1353,2013-09-15,34.0
1354,2013-09-16,27.0
1355,2013-09-17,19.0
1356,2013-09-18,32.0
1357,2013-09-19,22.0
1358,2013-09-20,34.0
1359,2013-09-21,31.0
1360,2013-09-22,29.0
1361,2013-09-23,36.0
1362,2013-09-24,23.0
1363,2013-09-25,30.0
1364,2013-09-26,25.0
1365,2013-09-27,26.0
1366,2013-09-28,30.0
1367,2013-09-29,25.0
1368,2013-09-30,37.0
1369,2013-10-01,38.0
1370,2013-10-02,51.0
1371,2013-10-03,30.0
1372,2013-10-04,29.0
1373,2013-10-05,28.0
1374,2013-10-06,35.0
1375,2013-10-07,31.0
1376,2013-10-08,26.0
1377,2013-10-09,37.0
1378,2013-10-10,35.0
1379,2013-10-11,15.0
1380,2013-10-12,23.0
1381,2013-10-13,33.0
1382,2013-10-14,27.0
1383,2013-10-15,26.0
1384,2013-10-16,24.0
1385,2013-10-17,26.0
1386,2013-10-18,13.0
1387,2013-10-19,19.0
1388,2013-10-20,28.0
1389,2013-10-21,25.0
1390,2013-10-22,20.0
1391,2013-10-23,25.0
1392,2013-10-24,14.0
1393,2013-10-25,23.0
1394,2013-10-26,27.0
1395,2013-10-27,20.0
1396,2013-10-28,22.0
1397,2013-10-29,17.0
1398,2013-10-30,17.0
1399,2013-10-31,18.0
1400,2013-11-01,33.0
1401,2013-11-02,15.0
1402,2013-11-03,28.0
1403,2013-11-04,17.0
1404,2013-11-05,28.0
1405,2013-11-06,15.0
1406,2013-11-07,15.0
1407,2013-11-08,23.0
1408,2013-11-09,14.0
1409,2013-11-10,28.0
1410,2013-11-11,22.0
1411,2013-11-12,25.0
1412,2013-11-13,22.0
1413,2013-11-14,18.0
1414,2013-11-15,22.0
1415,2013-11-16,21.0
1416,2013-11-17,27.0
1417,2013-11-18,19.0
1418,2013-11-19,23.0
1419,2013-11-20,12.0
1420,2013-11-21,21.0
1421,2013-11-22,23.0
1422,2013-11-23,15.0
1423,2013-11-24,12.0
1424,2013-11-25,12.0
1425,2013-11-26,19.0
1426,2013-11-27,20.0
1427,2013-11-28,22.0
1428,2013-11-29,22.0
1429,2013-11-30,24.0
1430,2013-12-01,30.0
1431,2013-12-02,22.0
1432,2013-12-03,16.0
1433,2013-12-04,14.0
1434,2013-12-05,19.0
1435,2013-12-06,7.0
1436,2013-12-07,14.0
1437,2013-12-08,26.0
1438,2013-12-09,16.0
1439,2013-12-10,12.0
1440,2013-12-11,26.0
1441,2013-12-12,14.0
1442,2013-12-13,15.0
1443,2013-12-14,20.0
1444,2013-12-15,18.0
1445,2013-12-16,23.0
1446,2013-12-17,5.0
1447,2013-12-18,15.0
1448,2013-12-19,10.0
1449,2013-12-20,15.0
1450,2013-12-21,14.0
1451,2013-12-22,17.0
1452,2013-12-23,8.0
1453,2013-12-24,10.0
1454,2013-12-25,15.0
1455,2013-12-26,7.0
1456,2013-12-27,8.0
1457,2013-12-28,9.0
1458,2013-12-29,14.0
1459,2013-12-30,9.0
1460,2013-12-31,9.0
1461,2014-01-01,128.0
1462,2014-01-02,37.0
1463,2014-01-03,39.0
1464,2014-01-04,38.0
1465,2014-01-05,27.0
1466,2014-01-06,29.0
1467,2014-01-07,38.0
1468,2014-01-08,32.0
1469,2014-01-09,49.0
1470,2014-01-10,32.0
1471,2014-01-11,27.0
1472,2014-01-12,31.0
1473,2014-01-13,33.0
1474,2014-01-14,42.0
1475,2014-01-15,34.0
1476,2014-01-16,32.0
1477,2014-01-17,21.0
1478,2014-01-18,22.0
1479,2014-01-19,29.0
1480,2014-01-20,41.0
1481,2014-01-21,20.0
1482,2014-01-22,26.0
1483,2014-01-23,27.0
1484,2014-01-24,35.0
1485,2014-01-25,27.0
1486,2014-01-26,37.0
1487,2014-01-27,33.0
1488,2014-01-28,42.0
1489,2014-01-29,40.0
1490,2014-01-30,48.0
1491,2014-01-31,35.0
1492,2014-02-01,56.0
1493,2014-02-02,43.0
1494,2014-02-03,47.0
1495,2014-02-04,47.0
1496,2014-02-05,53.0
1497,2014-02-06,42.0
1498,2014-02-07,28.0
1499,2014-02-08,32.0
1500,2014-02-09,45.0
1501,2014-02-10,58.0
1502,2014-02-11,50.0
1503,2014-02-12,28.0
1504,2014-02-13,36.0
1505,2014-02-14,29.0
1506,2014-02-15,37.0
1507,2014-02-16,37.0
1508,2014-02-17,40.0
1509,2014-02-18,53.0
1510,2014-02-19,49.0
1511,2014-02-20,26.0
1512,2014-02-21,42.0
1513,2014-02-22,40.0
1514,2014-02-23,45.0
1515,2014-02-24,50.0
1516,2014-02-25,42.0
1517,2014-02-26,35.0
1518,2014-02-27,40.0
1519,2014-02-28,32.0
1520,2014-03-01,61.0
1521,2014-03-02,45.0
1522,2014-03-03,59.0
1523,2014-03-04,45.0
1524,2014-03-05,60.0
1525,2014-03-06,34.0
1526,2014-03-07,47.0
1527,2014-03-08,35.0
1528,2014-03-09,40.0
1529,2014-03-10,57.0
1530,2014-03-11,40.0
1531,2014-03-12,51.0
1532,2014-03-13,54.0
1533,2014-03-14,35.0
1534,2014-03-15,57.0
1535,2014-03-16,46.0
1536,2014-03-17,63.0
1537,2014-03-18,45.0
1538,2014-03-19,45.0
1539,2014-03-20,58.0
1540,2014-03-21,49.0
1541,2014-03-22,39.0
1542,2014-03-23,44.0
1543,2014-03-24,44.0
1544,2014-03-25,31.0
1545,2014-03-26,42.0
1546,2014-03-27,40.0
1547,2014-03-28,39.0
1548,2014-03-29,38.0
1549,2014-03-30,48.0
1550,2014-03-31,56.0
1551,2014-04-01,64.0
1552,2014-04-02,56.0
1553,2014-04-03,62.0
1554,2014-04-04,37.0
1555,2014-04-05,47.0
1556,2014-04-06,50.0
1557,2014-04-07,46.0
1558,2014-04-08,45.0
1559,2014-04-09,44.0
1560,2014-04-10,39.0
1561,2014-04-11,39.0
1562,2014-04-12,43.0
1563,2014-04-13,32.0
1564,2014-04-14,39.0
1565,2014-04-15,41.0
1566,2014-04-16,27.0
1567,2014-04-17,24.0
1568,2014-04-18,24.0
1569,2014-04-19,25.0
1570,2014-04-20,32.0
1571,2014-04-21,47.0
1572,2014-04-22,39.0
1573,2014-04-23,40.0
1574,2014-04-24,35.0
1575,2014-04-25,50.0
1576,2014-04-26,36.0
1577,2014-04-27,43.0
1578,2014-04-28,43.0
1579,2014-04-29,37.0
1580,2014-04-30,38.0
1581,2014-05-01,50.0
1582,2014-05-02,36.0
1583,2014-05-03,31.0
1584,2014-05-04,58.0
1585,2014-05-05,69.0
1586,2014-05-06,46.0
1587,2014-05-07,49.0
1588,2014-05-08,41.0
1589,2014-05-09,41.0
1590,2014-05-10,39.0
1591,2014-05-11,52.0
1592,2014-05-12,39.0
1593,2014-05-13,37.0
1594,2014-05-14,41.0
1595,2014-05-15,49.0
1596,2014-05-16,33.0
1597,2014-05-17,38.0
1598,2014-05-18,46.0
1599,2014-05-19,47.0
1600,2014-05-20,49.0
1601,2014-05-21,48.0
1602,2014-05-22,29.0
1603,2014-05-23,41.0
1604,2014-05-24,34.0
1605,2014-05-25,26.0
1606,2014-05-26,33.0
1607,2014-05-27,29.0
1608,2014-05-28,39.0
1609,2014-05-29,37.0
1610,2014-05-30,46.0
1611,2014-05-31,30.0
1612,2014-06-01,75.0
1613,2014-06-02,40.0
1614,2014-06-03,44.0
1615,2014-06-04,49.0
1616,2014-06-05,44.0
1617,2014-06-06,33.0
1618,2014-06-07,40.0
1619,2014-06-08,19.0
1620,2014-06-09,47.0
1621,2014-06-10,47.0
1622,2014-06-11,21.0
1623,2014-06-12,40.0
1624,2014-06-13,41.0
1625,2014-06-14,30.0
1626,2014-06-15,30.0
1627,2014-06-16,35.0
1628,2014-06-17,30.0
1629,2014-06-18,29.0
1630,2014-06-19,30.0
1631,2014-06-20,29.0
1632,2014-06-21,33.0
1633,2014-06-22,31.0
1634,2014-06-23,19.0
1635,2014-06-24,16.0
1636,2014-06-25,15.0
1637,2014-06-26,28.0
1638,2014-06-27,20.0
1639,2014-06-28,26.0
1640,2014-06-29,24.0
1641,2014-06-30,23.0
1642,2014-07-01,84.0
1643,2014-07-02,21.0
1644,2014-07-03,29.0
1645,2014-07-04,18.0
1646,2014-07-05,33.0
1647,2014-07-06,36.0
1648,2014-07-07,35.0
1649,2014-07-08,22.0
1650,2014-07-09,21.0
1651,2014-07-10,25.0
1652,2014-07-11,29.0
1653,2014-07-12,26.0
1654,2014-07-13,22.0
1655,2014-07-14,28.0
1656,2014-07-15,33.0
1657,2014-07-16,38.0
1658,2014-07-17,26.0
1659,2014-07-18,14.0
1660,2014-07-19,24.0
1661,2014-07-20,28.0
1662,2014-07-21,35.0
1663,2014-07-22,19.0
1664,2014-07-23,32.0
1665,2014-07-24,19.0
1666,2014-07-25,26.0
1667,2014-07-26,23.0
1668,2014-07-27,17.0
1669,2014-07-28,37.0
1670,2014-07-29,21.0
1671,2014-07-30,29.0
1672,2014-07-31,30.0
1673,2014-08-01,64.0
1674,2014-08-02,25.0
1675,2014-08-03,21.0
1676,2014-08-04,35.0
1677,2014-08-05,30.0
1678,2014-08-06,28.0
1679,2014-08-07,16.0
1680,2014-08-08,38.0
1681,2014-08-09,28.0
1682,2014-08-10,18.0
1683,2014-08-11,37.0
1684,2014-08-12,21.0
1685,2014-08-13,33.0
1686,2014-08-14,47.0
1687,2014-08-15,41.0
1688,2014-08-16,32.0
1689,2014-08-17,42.0
1690,2014-08-18,39.0
1691,2014-08-19,36.0
1692,2014-08-20,28.0
1693,2014-08-21,26.0
1694,2014-08-22,24.0
1695,2014-08-23,28.0
1696,2014-08-24,39.0
1697,2014-08-25,42.0
1698,2014-08-26,20.0
1699,2014-08-27,30.0
1700,2014-08-28,31.0
1701,2014-08-29,26.0
1702,2014-08-30,33.0
1703,2014-08-31,28.0
1704,2014-09-01,86.0
1705,2014-09-02,40.0
1706,2014-09-03,31.0
1707,2014-09-04,35.0
1708,2014-09-05,38.0
1709,2014-09-06,44.0
1710,2014-09-07,47.0
1711,2014-09-08,33.0
1712,2014-09-09,40.0
1713,2014-09-10,33.0
1714,2014-09-11,33.0
1715,2014-09-12,36.0
1716,2014-09-13,36.0
1717,2014-09-14,34.0
1718,2014-09-15,38.0
1719,2014-09-16,27.0
1720,2014-09-17,36.0
1721,2014-09-18,33.0
1722,2014-09-19,24.0
1723,2014-09-20,50.0
1724,2014-09-21,39.0
1725,2014-09-22,35.0
1726,2014-09-23,33.0
1727,2014-09-24,40.0
1728,2014-09-25,36.0
1729,2014-09-26,34.0
1730,2014-09-27,27.0
1731,2014-09-28,35.0
1732,2014-09-29,41.0
1733,2014-09-30,28.0
1734,2014-10-01,55.0
1735,2014-10-02,41.0
1736,2014-10-03,33.0
1737,2014-10-04,33.0
1738,2014-10-05,26.0
1739,2014-10-06,29.0
1740,2014-10-07,36.0
1741,2014-10-08,27.0
1742,2014-10-09,25.0
1743,2014-10-10,35.0
1744,2014-10-11,26.0
1745,2014-10-12,21.0
1746,2014-10-13,29.0
1747,2014-10-14,43.0
1748,2014-10-15,34.0
1749,2014-10-16,24.0
1750,2014-10-17,39.0
1751,2014-10-18,21.0
1752,2014-10-19,38.0
1753,2014-10-20,44.0
1754,2014-10-21,23.0
1755,2014-10-22,37.0
1756,2014-10-23,23.0
1757,2014-10-24,26.0
1758,2014-10-25,39.0
1759,2014-10-26,24.0
1760,2014-10-27,38.0
1761,2014-10-28,18.0
1762,2014-10-29,25.0
1763,2014-10-30,30.0
1764,2014-10-31,28.0
1765,2014-11-01,57.0
1766,2014-11-02,17.0
1767,2014-11-03,41.0
1768,2014-11-04,37.0
1769,2014-11-05,35.0
1770,2014-11-06,26.0
1771,2014-11-07,35.0
1772,2014-11-08,24.0
1773,2014-11-09,28.0
1774,2014-11-10,38.0
1775,2014-11-11,40.0
1776,2014-11-12,23.0
1777,2014-11-13,18.0
1778,2014-11-14,31.0
1779,2014-11-15,31.0
1780,2014-11-16,36.0
1781,2014-11-17,23.0
1782,2014-11-18,34.0
1783,2014-11-19,31.0
1784,2014-11-20,30.0
1785,2014-11-21,30.0
1786,2014-11-22,25.0
1787,2014-11-23,26.0
1788,2014-11-24,21.0
1789,2014-11-25,25.0
1790,2014-11-26,31.0
1791,2014-11-27,25.0
1792,2014-11-28,27.0
1793,2014-11-29,27.0
1794,2014-11-30,19.0
1795,2014-12-01,62.0
1796,2014-12-02,23.0
1797,2014-12-03,23.0
1798,2014-12-04,26.0
1799,2014-12-05,18.0
1800,2014-12-06,18.0
1801,2014-12-07,18.0
1802,2014-12-08,33.0
1803,2014-12-09,19.0
1804,2014-12-10,30.0
1805,2014-12-11,19.0
1806,2014-12-12,21.0
1807,2014-12-13,15.0
1808,2014-12-14,24.0
1809,2014-12-15,33.0
1810,2014-12-16,23.0
1811,2014-12-17,19.0
1812,2014-12-18,18.0
1813,2014-12-19,25.0
1814,2014-12-20,25.0
1815,2014-12-21,21.0
1816,2014-12-22,19.0
1817,2014-12-23,19.0
1818,2014-12-24,16.0
1819,2014-12-25,34.0
1820,2014-12-26,18.0
1821,2014-12-27,16.0
1822,2014-12-28,19.0
1823,2014-12-29,24.0
1824,2014-12-30,6.0
1825,2014-12-31,19.0
1826,2015-01-01,190.0
1827,2015-01-02,45.0
1828,2015-01-03,43.0
1829,2015-01-04,46.0
1830,2015-01-05,52.0
1831,2015-01-06,40.0
1832,2015-01-07,32.0
1833,2015-01-08,53.0
1834,2015-01-09,33.0
1835,2015-01-10,40.0
1836,2015-01-11,45.0
1837,2015-01-12,33.0
1838,2015-01-13,41.0
1839,2015-01-14,48.0
1840,2015-01-15,71.0
1841,2015-01-16,46.0
1842,2015-01-17,52.0
1843,2015-01-18,60.0
1844,2015-01-19,54.0
1845,2015-01-20,41.0
1846,2015-01-21,60.0
1847,2015-01-22,61.0
1848,2015-01-23,59.0
1849,2015-01-24,53.0
1850,2015-01-25,50.0
1851,2015-01-26,59.0
1852,2015-01-27,53.0
1853,2015-01-28,48.0
1854,2015-01-29,47.0
1855,2015-01-30,49.0
1856,2015-01-31,42.0
1857,2015-02-01,111.0
1858,2015-02-02,87.0
1859,2015-02-03,60.0
1860,2015-02-04,52.0
1861,2015-02-05,81.0
1862,2015-02-06,63.0
1863,2015-02-07,49.0
1864,2015-02-08,62.0
1865,2015-02-09,66.0
1866,2015-02-10,67.0
1867,2015-02-11,62.0
1868,2015-02-12,59.0
1869,2015-02-13,83.0
1870,2015-02-14,60.0
1871,2015-02-15,97.0
1872,2015-02-16,89.0
1873,2015-02-17,73.0
1874,2015-02-18,78.0
1875,2015-02-19,64.0
1876,2015-02-20,69.0
1877,2015-02-21,47.0
1878,2015-02-22,78.0
1879,2015-02-23,63.0
1880,2015-02-24,63.0
1881,2015-02-25,57.0
1882,2015-02-26,40.0
1883,2015-02-27,61.0
1884,2015-02-28,57.0
1885,2015-03-01,72.0
1886,2015-03-02,68.0
1887,2015-03-03,75.0
1888,2015-03-04,59.0
1889,2015-03-05,81.0
1890,2015-03-06,51.0
1891,2015-03-07,49.0
1892,2015-03-08,81.0
1893,2015-03-09,75.0
1894,2015-03-10,73.0
1895,2015-03-11,54.0
1896,2015-03-12,58.0
1897,2015-03-13,55.0
1898,2015-03-14,63.0
1899,2015-03-15,98.0
1900,2015-03-16,83.0
1901,2015-03-17,71.0
1902,2015-03-18,60.0
1903,2015-03-19,46.0
1904,2015-03-20,70.0
1905,2015-03-21,44.0
1906,2015-03-22,54.0
1907,2015-03-23,46.0
1908,2015-03-24,53.0
1909,2015-03-25,48.0
1910,2015-03-26,39.0
1911,2015-03-27,45.0
1912,2015-03-28,61.0
1913,2015-03-29,64.0
1914,2015-03-30,51.0
1915,2015-03-31,41.0
1916,2015-04-01,107.0
1917,2015-04-02,53.0
1918,2015-04-03,37.0
1919,2015-04-04,51.0
1920,2015-04-05,69.0
1921,2015-04-06,77.0
1922,2015-04-07,63.0
1923,2015-04-08,64.0
1924,2015-04-09,83.0
1925,2015-04-10,75.0
1926,2015-04-11,57.0
1927,2015-04-12,74.0
1928,2015-04-13,78.0
1929,2015-04-14,57.0
1930,2015-04-15,79.0
1931,2015-04-16,53.0
1932,2015-04-17,49.0
1933,2015-04-18,58.0
1934,2015-04-19,61.0
1935,2015-04-20,65.0
1936,2015-04-21,75.0
1937,2015-04-22,62.0
1938,2015-04-23,76.0
1939,2015-04-24,56.0
1940,2015-04-25,64.0
1941,2015-04-26,49.0
1942,2015-04-27,84.0
1943,2015-04-28,54.0
1944,2015-04-29,69.0
1945,2015-04-30,65.0
1946,2015-05-01,81.0
1947,2015-05-02,64.0
1948,2015-05-03,69.0
1949,2015-05-04,65.0
1950,2015-05-05,84.0
1951,2015-05-06,67.0
1952,2015-05-07,54.0
1953,2015-05-08,72.0
1954,2015-05-09,59.0
1955,2015-05-10,72.0
1956,2015-05-11,70.0
1957,2015-05-12,50.0
1958,2015-05-13,50.0
1959,2015-05-14,65.0
1960,2015-05-15,74.0
1961,2015-05-16,59.0
1962,2015-05-17,84.0
1963,2015-05-18,39.0
1964,2015-05-19,58.0
1965,2015-05-20,55.0
1966,2015-05-21,59.0
1967,2015-05-22,62.0
1968,2015-05-23,48.0
1969,2015-05-24,50.0
1970,2015-05-25,45.0
1971,2015-05-26,73.0
1972,2015-05-27,63.0
1973,2015-05-28,70.0
1974,2015-05-29,51.0
1975,2015-05-30,48.0
1976,2015-05-31,61.0
1977,2015-06-01,135.0
1978,2015-06-02,63.0
1979,2015-06-03,61.0
1980,2015-06-04,59.0
1981,2015-06-05,61.0
1982,2015-06-06,48.0
1983,2015-06-07,65.0
1984,2015-06-08,38.0
1985,2015-06-09,59.0
1986,2015-06-10,68.0
1987,2015-06-11,56.0
1988,2015-06-12,64.0
1989,2015-06-13,50.0
1990,2015-06-14,71.0
1991,2015-06-15,67.0
1992,2015-06-16,90.0
1993,2015-06-17,55.0
1994,2015-06-18,52.0
1995,2015-06-19,48.0
1996,2015-06-20,62.0
1997,2015-06-21,64.0
1998,2015-06-22,50.0
1999,2015-06-23,52.0
2000,2015-06-24,56.0
2001,2015-06-25,29.0
2002,2015-06-26,61.0
2003,2015-06-27,39.0
2004,2015-06-28,44.0
2005,2015-06-29,57.0
2006,2015-06-30,55.0
2007,2015-07-01,98.0
2008,2015-07-02,48.0
2009,2015-07-03,53.0
2010,2015-07-04,49.0
2011,2015-07-05,57.0
2012,2015-07-06,63.0
2013,2015-07-07,59.0
2014,2015-07-08,67.0
2015,2015-07-09,53.0
2016,2015-07-10,58.0
2017,2015-07-11,59.0
2018,2015-07-12,53.0
2019,2015-07-13,67.0
2020,2015-07-14,78.0
2021,2015-07-15,70.0
2022,2015-07-16,52.0
2023,2015-07-17,54.0
2024,2015-07-18,49.0
2025,2015-07-19,83.0
2026,2015-07-20,46.0
2027,2015-07-21,81.0
2028,2015-07-22,56.0
2029,2015-07-23,67.0
2030,2015-07-24,79.0
2031,2015-07-25,71.0
2032,2015-07-26,76.0
2033,2015-07-27,71.0
2034,2015-07-28,67.0
2035,2015-07-29,48.0
2036,2015-07-30,61.0
2037,2015-07-31,55.0
2038,2015-08-01,108.0
2039,2015-08-02,60.0
2040,2015-08-03,85.0
2041,2015-08-04,72.0
2042,2015-08-05,71.0
2043,2015-08-06,56.0
2044,2015-08-07,44.0
2045,2015-08-08,67.0
2046,2015-08-09,76.0
2047,2015-08-10,87.0
2048,2015-08-11,85.0
2049,2015-08-12,64.0
2050,2015-08-13,69.0
2051,2015-08-14,73.0
2052,2015-08-15,76.0
2053,2015-08-16,72.0
2054,2015-08-17,66.0
2055,2015-08-18,74.0
2056,2015-08-19,77.0
2057,2015-08-20,75.0
2058,2015-08-21,86.0
2059,2015-08-22,73.0
2060,2015-08-23,83.0
2061,2015-08-24,76.0
2062,2015-08-25,82.0
2063,2015-08-26,67.0
2064,2015-08-27,47.0
2065,2015-08-28,64.0
2066,2015-08-29,48.0
2067,2015-08-30,58.0
2068,2015-08-31,59.0
2069,2015-09-01,115.0
2070,2015-09-02,77.0
2071,2015-09-03,68.0
2072,2015-09-04,68.0
2073,2015-09-05,63.0
2074,2015-09-06,78.0
2075,2015-09-07,65.0
2076,2015-09-08,70.0
2077,2015-09-09,67.0
2078,2015-09-10,72.0
2079,2015-09-11,58.0
2080,2015-09-12,53.0
2081,2015-09-13,63.0
2082,2015-09-14,78.0
2083,2015-09-15,50.0
2084,2015-09-16,56.0
2085,2015-09-17,58.0
2086,2015-09-18,54.0
2087,2015-09-19,46.0
2088,2015-09-20,60.0
2089,2015-09-21,67.0
2090,2015-09-22,54.0
2091,2015-09-23,63.0
2092,2015-09-24,49.0
2093,2015-09-25,62.0
2094,2015-09-26,43.0
2095,2015-09-27,59.0
2096,2015-09-28,52.0
2097,2015-09-29,46.0
2098,2015-09-30,59.0
2099,2015-10-01,125.0
2100,2015-10-02,66.0
2101,2015-10-03,61.0
2102,2015-10-04,60.0
2103,2015-10-05,58.0
2104,2015-10-06,59.0
2105,2015-10-07,45.0
2106,2015-10-08,46.0
2107,2015-10-09,55.0
2108,2015-10-10,82.0
2109,2015-10-11,61.0
2110,2015-10-12,48.0
2111,2015-10-13,79.0
2112,2015-10-14,80.0
2113,2015-10-15,69.0
2114,2015-10-16,64.0
2115,2015-10-17,59.0
2116,2015-10-18,52.0
2117,2015-10-19,85.0
2118,2015-10-20,55.0
2119,2015-10-21,63.0
2120,2015-10-22,44.0
2121,2015-10-23,76.0
2122,2015-10-24,52.0
2123,2015-10-25,63.0
2124,2015-10-26,62.0
2125,2015-10-27,70.0
2126,2015-10-28,59.0
2127,2015-10-29,48.0
2128,2015-10-30,56.0
2129,2015-10-31,56.0
2130,2015-11-01,90.0
2131,2015-11-02,52.0
2132,2015-11-03,56.0
2133,2015-11-04,55.0
2134,2015-11-05,48.0
2135,2015-11-06,62.0
2136,2015-11-07,52.0
2137,2015-11-08,39.0
2138,2015-11-09,51.0
2139,2015-11-10,41.0
2140,2015-11-11,60.0
2141,2015-11-12,71.0
2142,2015-11-13,54.0
2143,2015-11-14,34.0
2144,2015-11-15,52.0
2145,2015-11-16,35.0
2146,2015-11-17,56.0
2147,2015-11-18,46.0
2148,2015-11-19,48.0
2149,2015-11-20,51.0
2150,2015-11-21,47.0
2151,2015-11-22,50.0
2152,2015-11-23,49.0
2153,2015-11-24,48.0
2154,2015-11-25,54.0
2155,2015-11-26,52.0
2156,2015-11-27,33.0
2157,2015-11-28,37.0
2158,2015-11-29,54.0
2159,2015-11-30,46.0
2160,2015-12-01,87.0
2161,2015-12-02,49.0
2162,2015-12-03,43.0
2163,2015-12-04,41.0
2164,2015-12-05,32.0
2165,2015-12-06,43.0
2166,2015-12-07,53.0
2167,2015-12-08,50.0
2168,2015-12-09,36.0
2169,2015-12-10,43.0
2170,2015-12-11,45.0
2171,2015-12-12,36.0
2172,2015-12-13,58.0
2173,2015-12-14,43.0
2174,2015-12-15,42.0
2175,2015-12-16,49.0
2176,2015-12-17,28.0
2177,2015-12-18,27.0
2178,2015-12-19,40.0
2179,2015-12-20,41.0
2180,2015-12-21,54.0
2181,2015-12-22,25.0
2182,2015-12-23,29.0
2183,2015-12-24,59.0
2184,2015-12-25,70.0
2185,2015-12-26,35.0
2186,2015-12-27,26.0
2187,2015-12-28,43.0
2188,2015-12-29,33.0
2189,2015-12-30,33.0
2190,2015-12-31,35.0
2191,2016-01-01,315.0
2192,2016-01-02,60.0
2193,2016-01-03,43.0
2194,2016-01-04,65.0
2195,2016-01-05,53.0
2196,2016-01-06,58.0
2197,2016-01-07,48.0
2198,2016-01-08,60.0
2199,2016-01-09,49.0
2200,2016-01-10,64.0
2201,2016-01-11,55.0
2202,2016-01-12,66.0
2203,2016-01-13,63.0
2204,2016-01-14,65.0
2205,2016-01-15,75.0
2206,2016-01-16,55.0
2207,2016-01-17,64.0
2208,2016-01-18,71.0
2209,2016-01-19,69.0
2210,2016-01-20,69.0
2211,2016-01-21,36.0
2212,2016-01-22,45.0
2213,2016-01-23,54.0
2214,2016-01-24,52.0
2215,2016-01-25,70.0
2216,2016-01-26,42.0
2217,2016-01-27,60.0
2218,2016-01-28,55.0
2219,2016-01-29,68.0
2220,2016-01-30,53.0
2221,2016-01-31,60.0
2222,2016-02-01,152.0
2223,2016-02-02,79.0
2224,2016-02-03,56.0
2225,2016-02-04,67.0
2226,2016-02-05,64.0
2227,2016-02-06,65.0
2228,2016-02-07,76.0
2229,2016-02-08,73.0
2230,2016-02-09,70.0
2231,2016-02-10,84.0
2232,2016-02-11,64.0
2233,2016-02-12,51.0
2234,2016-02-13,61.0
2235,2016-02-14,56.0
2236,2016-02-15,67.0
2237,2016-02-16,60.0
2238,2016-02-17,59.0
2239,2016-02-18,59.0
2240,2016-02-19,61.0
2241,2016-02-20,76.0
2242,2016-02-21,48.0
2243,2016-02-22,94.0
2244,2016-02-23,71.0
2245,2016-02-24,55.0
2246,2016-02-25,74.0
2247,2016-02-26,64.0
2248,2016-02-27,61.0
2249,2016-02-28,75.0
2250,2016-02-29,65.0
2251,2016-03-01,159.0
2252,2016-03-02,78.0
2253,2016-03-03,85.0
2254,2016-03-04,72.0
2255,2016-03-05,66.0
2256,2016-03-06,82.0
2257,2016-03-07,61.0
2258,2016-03-08,50.0
2259,2016-03-09,65.0
2260,2016-03-10,72.0
2261,2016-03-11,65.0
2262,2016-03-12,64.0
2263,2016-03-13,65.0
2264,2016-03-14,83.0
2265,2016-03-15,75.0
2266,2016-03-16,75.0
2267,2016-03-17,65.0
2268,2016-03-18,75.0
2269,2016-03-19,54.0
2270,2016-03-20,68.0
2271,2016-03-21,48.0
2272,2016-03-22,47.0
2273,2016-03-23,58.0
2274,2016-03-24,40.0
2275,2016-03-25,39.0
2276,2016-03-26,37.0
2277,2016-03-27,59.0
2278,2016-03-28,60.0
2279,2016-03-29,57.0
2280,2016-03-30,61.0
2281,2016-03-31,56.0
2282,2016-04-01,147.0
2283,2016-04-02,54.0
2284,2016-04-03,69.0
2285,2016-04-04,92.0
2286,2016-04-05,71.0
2287,2016-04-06,57.0
2288,2016-04-07,63.0
2289,2016-04-08,52.0
2290,2016-04-09,43.0
2291,2016-04-10,70.0
2292,2016-04-11,47.0
2293,2016-04-12,64.0
2294,2016-04-13,56.0
2295,2016-04-14,60.0
2296,2016-04-15,86.0
2297,2016-04-16,59.0
2298,2016-04-17,67.0
2299,2016-04-18,73.0
2300,2016-04-19,67.0
2301,2016-04-20,96.0
2302,2016-04-21,40.0
2303,2016-04-22,71.0
2304,2016-04-23,54.0
2305,2016-04-24,51.0
2306,2016-04-25,67.0
2307,2016-04-26,69.0
2308,2016-04-27,52.0
2309,2016-04-28,65.0
2310,2016-04-29,43.0
2311,2016-04-30,57.0
2312,2016-05-01,138.0
2313,2016-05-02,80.0
2314,2016-05-03,56.0
2315,2016-05-04,46.0
2316,2016-05-05,66.0
2317,2016-05-06,68.0
2318,2016-05-07,54.0
2319,2016-05-08,73.0
2320,2016-05-09,51.0
2321,2016-05-10,84.0
2322,2016-05-11,66.0
2323,2016-05-12,71.0
2324,2016-05-13,75.0
2325,2016-05-14,42.0
2326,2016-05-15,99.0
2327,2016-05-16,94.0
2328,2016-05-17,63.0
2329,2016-05-18,82.0
2330,2016-05-19,76.0
2331,2016-05-20,85.0
2332,2016-05-21,69.0
2333,2016-05-22,54.0
2334,2016-05-23,66.0
2335,2016-05-24,72.0
2336,2016-05-25,58.0
2337,2016-05-26,64.0
2338,2016-05-27,61.0
2339,2016-05-28,43.0
2340,2016-05-29,46.0
2341,2016-05-30,43.0
2342,2016-05-31,58.0
2343,2016-06-01,200.0
2344,2016-06-02,68.0
2345,2016-06-03,58.0
2346,2016-06-04,43.0
2347,2016-06-05,52.0
2348,2016-06-06,49.0
2349,2016-06-07,66.0
2350,2016-06-08,84.0
2351,2016-06-09,61.0
2352,2016-06-10,95.0
2353,2016-06-11,51.0
2354,2016-06-12,72.0
2355,2016-06-13,65.0
2356,2016-06-14,64.0
2357,2016-06-15,111.0
2358,2016-06-16,70.0
2359,2016-06-17,59.0
2360,2016-06-18,53.0
2361,2016-06-19,41.0
2362,2016-06-20,71.0
2363,2016-06-21,57.0
2364,2016-06-22,66.0
2365,2016-06-23,55.0
2366,2016-06-24,68.0
2367,2016-06-25,45.0
2368,2016-06-26,50.0
2369,2016-06-27,58.0
2370,2016-06-28,38.0
2371,2016-06-29,38.0
2372,2016-06-30,58.0
2373,2016-07-01,138.0
2374,2016-07-02,58.0
2375,2016-07-03,55.0
2376,2016-07-04,53.0
2377,2016-07-05,77.0
2378,2016-07-06,57.0
2379,2016-07-07,80.0
2380,2016-07-08,70.0
2381,2016-07-09,53.0
2382,2016-07-10,67.0
2383,2016-07-11,54.0
2384,2016-07-12,76.0
2385,2016-07-13,80.0
2386,2016-07-14,76.0
2387,2016-07-15,61.0
2388,2016-07-16,57.0
2389,2016-07-17,69.0
2390,2016-07-18,72.0
2391,2016-07-19,61.0
2392,2016-07-20,62.0
2393,2016-07-21,56.0
2394,2016-07-22,61.0
2395,2016-07-23,39.0
2396,2016-07-24,64.0
2397,2016-07-25,77.0
2398,2016-07-26,50.0
2399,2016-07-27,50.0
2400,2016-07-28,54.0
2401,2016-07-29,62.0
2402,2016-07-30,46.0
2403,2016-07-31,49.0
2404,2016-08-01,189.0
2405,2016-08-02,71.0
2406,2016-08-03,59.0
2407,2016-08-04,57.0
2408,2016-08-05,75.0
2409,2016-08-06,59.0
2410,2016-08-07,59.0
2411,2016-08-08,63.0
2412,2016-08-09,72.0
2413,2016-08-10,66.0
2414,2016-08-11,67.0
2415,2016-08-12,73.0
2416,2016-08-13,63.0
2417,2016-08-14,63.0
2418,2016-08-15,75.0
2419,2016-08-16,74.0
2420,2016-08-17,84.0
2421,2016-08-18,54.0
2422,2016-08-19,51.0
2423,2016-08-20,50.0
2424,2016-08-21,56.0
2425,2016-08-22,52.0
2426,2016-08-23,53.0
2427,2016-08-24,74.0
2428,2016-08-25,54.0
2429,2016-08-26,69.0
2430,2016-08-27,59.0
2431,2016-08-28,62.0
2432,2016-08-29,56.0
2433,2016-08-30,53.0
2434,2016-08-31,55.0
2435,2016-09-01,128.0
2436,2016-09-02,68.0
2437,2016-09-03,55.0
2438,2016-09-04,57.0
2439,2016-09-05,77.0
2440,2016-09-06,56.0
2441,2016-09-07,55.0
2442,2016-09-08,89.0
2443,2016-09-09,87.0
2444,2016-09-10,67.0
2445,2016-09-11,54.0
2446,2016-09-12,80.0
2447,2016-09-13,66.0
2448,2016-09-14,78.0
2449,2016-09-15,74.0
2450,2016-09-16,77.0
2451,2016-09-17,69.0
2452,2016-09-18,71.0
2453,2016-09-19,89.0
2454,2016-09-20,77.0
2455,2016-09-21,49.0
2456,2016-09-22,49.0
2457,2016-09-23,51.0
2458,2016-09-24,53.0
2459,2016-09-25,55.0
2460,2016-09-26,72.0
2461,2016-09-27,52.0
2462,2016-09-28,48.0
2463,2016-09-29,58.0
2464,2016-09-30,73.0
2465,2016-10-01,130.0
2466,2016-10-02,62.0
2467,2016-10-03,64.0
2468,2016-10-04,65.0
2469,2016-10-05,68.0
2470,2016-10-06,61.0
2471,2016-10-07,68.0
2472,2016-10-08,67.0
2473,2016-10-09,61.0
2474,2016-10-10,81.0
2475,2016-10-11,50.0
2476,2016-10-12,64.0
2477,2016-10-13,46.0
2478,2016-10-14,67.0
2479,2016-10-15,62.0
2480,2016-10-16,76.0
2481,2016-10-17,47.0
2482,2016-10-18,69.0
2483,2016-10-19,50.0
2484,2016-10-20,91.0
2485,2016-10-21,53.0
2486,2016-10-22,49.0
2487,2016-10-23,65.0
2488,2016-10-24,61.0
2489,2016-10-25,56.0
2490,2016-10-26,46.0
2491,2016-10-27,52.0
2492,2016-10-28,65.0
2493,2016-10-29,60.0
2494,2016-10-30,50.0
2495,2016-10-31,59.0
2496,2016-11-01,175.0
2497,2016-11-02,62.0
2498,2016-11-03,59.0
2499,2016-11-04,72.0
2500,2016-11-05,58.0
2501,2016-11-06,48.0
2502,2016-11-07,42.0
2503,2016-11-08,57.0
2504,2016-11-09,64.0
2505,2016-11-10,64.0
2506,2016-11-11,83.0
2507,2016-11-12,51.0
2508,2016-11-13,57.0
2509,2016-11-14,42.0
2510,2016-11-15,103.0
2511,2016-11-16,76.0
2512,2016-11-17,47.0
2513,2016-11-18,65.0
2514,2016-11-19,54.0
2515,2016-11-20,63.0
2516,2016-11-21,60.0
2517,2016-11-22,64.0
2518,2016-11-23,44.0
2519,2016-11-24,52.0
2520,2016-11-25,55.0
2521,2016-11-26,44.0
2522,2016-11-27,48.0
2523,2016-11-28,80.0
2524,2016-11-29,46.0
2525,2016-11-30,72.0
2526,2016-12-01,154.0
2527,2016-12-02,60.0
2528,2016-12-03,48.0
2529,2016-12-04,61.0
2530,2016-12-05,57.0
2531,2016-12-06,50.0
2532,2016-12-07,65.0
2533,2016-12-08,52.0
2534,2016-12-09,43.0
2535,2016-12-10,45.0
2536,2016-12-11,46.0
2537,2016-12-12,52.0
2538,2016-12-13,66.0
2539,2016-12-14,48.0
2540,2016-12-15,94.0
2541,2016-12-16,68.0
2542,2016-12-17,54.0
2543,2016-12-18,63.0
2544,2016-12-19,55.0
2545,2016-12-20,67.0
2546,2016-12-21,40.0
2547,2016-12-22,48.0
2548,2016-12-23,44.0
2549,2016-12-24,79.0
2550,2016-12-25,92.0
2551,2016-12-26,54.0
2552,2016-12-27,50.0
2553,2016-12-28,59.0
2554,2016-12-29,43.0
2555,2016-12-30,45.0
2556,2016-12-31,52.0
2557,2017-01-01,361.0
2558,2017-01-02,86.0
2559,2017-01-03,60.0
2560,2017-01-04,68.0
2561,2017-01-05,64.0
2562,2017-01-06,56.0
2563,2017-01-07,60.0
2564,2017-01-08,44.0
2565,2017-01-09,55.0
2566,2017-01-10,100.0
2567,2017-01-11,67.0
2568,2017-01-12,79.0
2569,2017-01-13,56.0
2570,2017-01-14,56.0
2571,2017-01-15,96.0
2572,2017-01-16,60.0
2573,2017-01-17,69.0
2574,2017-01-18,89.0
2575,2017-01-19,52.0
2576,2017-01-20,64.0
2577,2017-01-21,61.0
2578,2017-01-22,67.0
2579,2017-01-23,74.0
2580,2017-01-24,57.0
2581,2017-01-25,64.0
2582,2017-01-26,42.0
2583,2017-01-27,61.0
2584,2017-01-28,70.0
2585,2017-01-29,53.0
2586,2017-01-30,76.0
2587,2017-01-31,58.0
2588,2017-02-01,189.0
2589,2017-02-02,75.0
2590,2017-02-03,70.0
2591,2017-02-04,63.0
2592,2017-02-05,57.0
2593,2017-02-06,86.0
2594,2017-02-07,76.0
2595,2017-02-08,83.0
2596,2017-02-09,66.0
2597,2017-02-10,86.0
2598,2017-02-11,63.0
2599,2017-02-12,72.0
2600,2017-02-13,68.0
2601,2017-02-14,67.0
2602,2017-02-15,96.0
2603,2017-02-16,93.0
2604,2017-02-17,82.0
2605,2017-02-18,73.0
2606,2017-02-19,60.0
2607,2017-02-20,95.0
2608,2017-02-21,67.0
2609,2017-02-22,85.0
2610,2017-02-23,91.0
2611,2017-02-24,64.0
2612,2017-02-25,57.0
2613,2017-02-26,65.0
2614,2017-02-27,63.0
2615,2017-02-28,75.0
2616,2017-03-01,162.0
2617,2017-03-02,78.0
2618,2017-03-03,83.0
2619,2017-03-04,55.0
2620,2017-03-05,72.0
2621,2017-03-06,66.0
2622,2017-03-07,54.0
2623,2017-03-08,87.0
2624,2017-03-09,82.0
2625,2017-03-10,95.0
2626,2017-03-11,60.0
2627,2017-03-12,67.0
2628,2017-03-13,69.0
2629,2017-03-14,71.0
2630,2017-03-15,89.0
2631,2017-03-16,79.0
2632,2017-03-17,85.0
2633,2017-03-18,69.0
2634,2017-03-19,67.0
2635,2017-03-20,57.0
2636,2017-03-21,66.0
2637,2017-03-22,66.0
2638,2017-03-23,76.0
2639,2017-03-24,60.0
2640,2017-03-25,63.0
2641,2017-03-26,56.0
2642,2017-03-27,71.0
2643,2017-03-28,87.0
2644,2017-03-29,76.0
2645,2017-03-30,53.0
2646,2017-03-31,79.0
2647,2017-04-01,138.0
2648,2017-04-02,82.0
2649,2017-04-03,88.0
2650,2017-04-04,79.0
2651,2017-04-05,94.0
2652,2017-04-06,73.0
2653,2017-04-07,71.0
2654,2017-04-08,46.0
2655,2017-04-09,74.0
2656,2017-04-10,66.0
2657,2017-04-11,58.0
2658,2017-04-12,73.0
2659,2017-04-13,50.0
2660,2017-04-14,45.0
2661,2017-04-15,76.0
2662,2017-04-16,49.0
2663,2017-04-17,88.0
2664,2017-04-18,92.0
2665,2017-04-19,57.0
2666,2017-04-20,63.0
2667,2017-04-21,58.0
2668,2017-04-22,62.0
2669,2017-04-23,69.0
2670,2017-04-24,84.0
2671,2017-04-25,64.0
2672,2017-04-26,67.0
2673,2017-04-27,69.0
2674,2017-04-28,103.0
2675,2017-04-29,59.0
2676,2017-04-30,76.0
2677,2017-05-01,157.0
2678,2017-05-02,88.0
2679,2017-05-03,70.0
2680,2017-05-04,85.0
2681,2017-05-05,100.0
2682,2017-05-06,81.0
2683,2017-05-07,69.0
2684,2017-05-08,97.0
2685,2017-05-09,81.0
2686,2017-05-10,101.0
2687,2017-05-11,78.0
2688,2017-05-12,80.0
2689,2017-05-13,72.0
2690,2017-05-14,74.0
2691,2017-05-15,95.0
2692,2017-05-16,85.0
2693,2017-05-17,93.0
2694,2017-05-18,89.0
2695,2017-05-19,81.0
2696,2017-05-20,83.0
2697,2017-05-21,72.0
2698,2017-05-22,96.0
2699,2017-05-23,82.0
2700,2017-05-24,51.0
2701,2017-05-25,80.0
2702,2017-05-26,70.0
2703,2017-05-27,58.0
2704,2017-05-28,62.0
2705,2017-05-29,41.0
2706,2017-05-30,88.0
2707,2017-05-31,81.0
2708,2017-06-01,181.0
2709,2017-06-02,89.0
2710,2017-06-03,66.0
2711,2017-06-04,78.0
2712,2017-06-05,80.0
2713,2017-06-06,75.0
2714,2017-06-07,58.0
2715,2017-06-08,60.0
2716,2017-06-09,88.0
2717,2017-06-10,64.0
2718,2017-06-11,69.0
2719,2017-06-12,79.0
2720,2017-06-13,82.0
2721,2017-06-14,87.0
2722,2017-06-15,110.0
2723,2017-06-16,77.0
2724,2017-06-17,63.0
2725,2017-06-18,67.0
2726,2017-06-19,67.0
2727,2017-06-20,98.0
2728,2017-06-21,62.0
2729,2017-06-22,62.0
2730,2017-06-23,74.0
2731,2017-06-24,70.0
2732,2017-06-25,73.0
2733,2017-06-26,51.0
2734,2017-06-27,75.0
2735,2017-06-28,67.0
2736,2017-06-29,61.0
2737,2017-06-30,72.0
2738,2017-07-01,131.0
2739,2017-07-02,79.0
2740,2017-07-03,78.0
2741,2017-07-04,68.0
2742,2017-07-05,81.0
2743,2017-07-06,63.0
2744,2017-07-07,101.0
2745,2017-07-08,61.0
2746,2017-07-09,58.0
2747,2017-07-10,88.0
2748,2017-07-11,76.0
2749,2017-07-12,82.0
2750,2017-07-13,71.0
2751,2017-07-14,81.0
2752,2017-07-15,90.0
2753,2017-07-16,75.0
2754,2017-07-17,81.0
2755,2017-07-18,65.0
2756,2017-07-19,81.0
2757,2017-07-20,74.0
2758,2017-07-21,67.0
2759,2017-07-22,68.0
2760,2017-07-23,55.0
2761,2017-07-24,71.0
2762,2017-07-25,89.0
2763,2017-07-26,76.0
2764,2017-07-27,81.0
2765,2017-07-28,72.0
2766,2017-07-29,63.0
2767,2017-07-30,75.0
2768,2017-07-31,83.0
2769,2017-08-01,170.0
2770,2017-08-02,76.0
2771,2017-08-03,68.0
2772,2017-08-04,82.0
2773,2017-08-05,63.0
2774,2017-08-06,59.0
2775,2017-08-07,59.0
2776,2017-08-08,102.0
2777,2017-08-09,70.0
2778,2017-08-10,95.0
2779,2017-08-11,80.0
2780,2017-08-12,65.0
2781,2017-08-13,60.0
2782,2017-08-14,92.0
2783,2017-08-15,119.0
2784,2017-08-16,74.0
2785,2017-08-17,91.0
2786,2017-08-18,111.0
2787,2017-08-19,56.0
2788,2017-08-20,72.0
2789,2017-08-21,64.0
2790,2017-08-22,96.0
2791,2017-08-23,104.0
2792,2017-08-24,93.0
2793,2017-08-25,88.0
2794,2017-08-26,57.0
2795,2017-08-27,62.0
2796,2017-08-28,78.0
2797,2017-08-29,81.0
2798,2017-08-30,90.0
2799,2017-08-31,84.0
2800,2017-09-01,177.0
2801,2017-09-02,59.0
2802,2017-09-03,78.0
2803,2017-09-04,91.0
2804,2017-09-05,117.0
2805,2017-09-06,89.0
2806,2017-09-07,82.0
2807,2017-09-08,91.0
2808,2017-09-09,57.0
2809,2017-09-10,66.0
2810,2017-09-11,65.0
2811,2017-09-12,78.0
2812,2017-09-13,79.0
2813,2017-09-14,98.0
2814,2017-09-15,132.0
2815,2017-09-16,82.0
2816,2017-09-17,94.0
2817,2017-09-18,105.0
2818,2017-09-19,100.0
2819,2017-09-20,105.0
2820,2017-09-21,91.0
2821,2017-09-22,84.0
2822,2017-09-23,51.0
2823,2017-09-24,79.0
2824,2017-09-25,82.0
2825,2017-09-26,74.0
2826,2017-09-27,70.0
2827,2017-09-28,76.0
2828,2017-09-29,75.0
2829,2017-09-30,64.0
2830,2017-10-01,159.0
2831,2017-10-02,111.0
2832,2017-10-03,82.0
2833,2017-10-04,71.0
2834,2017-10-05,68.0
2835,2017-10-06,63.0
2836,2017-10-07,84.0
2837,2017-10-08,72.0
2838,2017-10-09,97.0
2839,2017-10-10,121.0
2840,2017-10-11,58.0
2841,2017-10-12,66.0
2842,2017-10-13,83.0
2843,2017-10-14,68.0
2844,2017-10-15,103.0
2845,2017-10-16,62.0
2846,2017-10-17,94.0
2847,2017-10-18,89.0
2848,2017-10-19,80.0
2849,2017-10-20,116.0
2850,2017-10-21,62.0
2851,2017-10-22,76.0
2852,2017-10-23,72.0
2853,2017-10-24,62.0
2854,2017-10-25,65.0
2855,2017-10-26,55.0
2856,2017-10-27,67.0
2857,2017-10-28,58.0
2858,2017-10-29,36.0
2859,2017-10-30,44.0
2860,2017-10-31,60.0
2861,2017-11-01,140.0
2862,2017-11-02,78.0
2863,2017-11-03,80.0
2864,2017-11-04,70.0
2865,2017-11-05,91.0
2866,2017-11-06,66.0
2867,2017-11-07,89.0
2868,2017-11-08,76.0
2869,2017-11-09,88.0
2870,2017-11-10,94.0
2871,2017-11-11,65.0
2872,2017-11-12,73.0
2873,2017-11-13,71.0
2874,2017-11-14,96.0
2875,2017-11-15,118.0
2876,2017-11-16,91.0
2877,2017-11-17,110.0
2878,2017-11-18,73.0
2879,2017-11-19,61.0
2880,2017-11-20,99.0
2881,2017-11-21,73.0
2882,2017-11-22,78.0
2883,2017-11-23,90.0
2884,2017-11-24,95.0
2885,2017-11-25,72.0
2886,2017-11-26,88.0
2887,2017-11-27,105.0
2888,2017-11-28,93.0
2889,2017-11-29,85.0
2890,2017-11-30,64.0
2891,2017-12-01,153.0
2892,2017-12-02,86.0
2893,2017-12-03,86.0
2894,2017-12-04,86.0
2895,2017-12-05,83.0
2896,2017-12-06,71.0
2897,2017-12-07,63.0
2898,2017-12-08,74.0
2899,2017-12-09,75.0
2900,2017-12-10,71.0
2901,2017-12-11,74.0
2902,2017-12-12,67.0
2903,2017-12-13,69.0
2904,2017-12-14,83.0
2905,2017-12-15,82.0
2906,2017-12-16,55.0
2907,2017-12-17,72.0
2908,2017-12-18,53.0
2909,2017-12-19,43.0
2910,2017-12-20,63.0
2911,2017-12-21,45.0
2912,2017-12-22,56.0
2913,2017-12-23,35.0
2914,2017-12-24,61.0
2915,2017-12-25,63.0
2916,2017-12-26,46.0
2917,2017-12-27,40.0
2918,2017-12-28,41.0
2919,2017-12-29,44.0
2920,2017-12-30,26.0
2921,2017-12-31,58.0
2922,2018-01-01,426.0
2923,2018-01-02,80.0
2924,2018-01-03,92.0
2925,2018-01-04,63.0
2926,2018-01-05,90.0
2927,2018-01-06,85.0
2928,2018-01-07,66.0
2929,2018-01-08,64.0
2930,2018-01-09,85.0
2931,2018-01-10,113.0
2932,2018-01-11,86.0
2933,2018-01-12,87.0
2934,2018-01-13,86.0
2935,2018-01-14,67.0
2936,2018-01-15,130.0
2937,2018-01-16,89.0
2938,2018-01-17,111.0
2939,2018-01-18,90.0
2940,2018-01-19,82.0
2941,2018-01-20,99.0
2942,2018-01-21,62.0
2943,2018-01-22,94.0
2944,2018-01-23,79.0
2945,2018-01-24,96.0
2946,2018-01-25,101.0
2947,2018-01-26,90.0
2948,2018-01-27,73.0
2949,2018-01-28,73.0
2950,2018-01-29,93.0
2951,2018-01-30,102.0
2952,2018-01-31,92.0
2953,2018-02-01,206.0
2954,2018-02-02,120.0
2955,2018-02-03,72.0
2956,2018-02-04,79.0
2957,2018-02-05,111.0
2958,2018-02-06,98.0
2959,2018-02-07,80.0
2960,2018-02-08,89.0
2961,2018-02-09,112.0
2962,2018-02-10,75.0
2963,2018-02-11,73.0
2964,2018-02-12,97.0
2965,2018-02-13,94.0
2966,2018-02-14,89.0
2967,2018-02-15,134.0
2968,2018-02-16,92.0
2969,2018-02-17,71.0
2970,2018-02-18,87.0
2971,2018-02-19,79.0
2972,2018-02-20,118.0
2973,2018-02-21,75.0
2974,2018-02-22,100.0
2975,2018-02-23,104.0
2976,2018-02-24,85.0
2977,2018-02-25,77.0
2978,2018-02-26,92.0
2979,2018-02-27,95.0
2980,2018-02-28,95.0
2981,2018-03-01,190.0
2982,2018-03-02,98.0
2983,2018-03-03,79.0
2984,2018-03-04,71.0
2985,2018-03-05,103.0
2986,2018-03-06,86.0
2987,2018-03-07,81.0
2988,2018-03-08,102.0
2989,2018-03-09,89.0
2990,2018-03-10,95.0
2991,2018-03-11,83.0
2992,2018-03-12,109.0
2993,2018-03-13,121.0
2994,2018-03-14,133.0
2995,2018-03-15,126.0
2996,2018-03-16,104.0
2997,2018-03-17,66.0
2998,2018-03-18,85.0
2999,2018-03-19,74.0
3000,2018-03-20,127.0
3001,2018-03-21,92.0
3002,2018-03-22,124.0
3003,2018-03-23,101.0
3004,2018-03-24,71.0
3005,2018-03-25,64.0
3006,2018-03-26,80.0
3007,2018-03-27,89.0
3008,2018-03-28,76.0
3009,2018-03-29,52.0
3010,2018-03-30,50.0
3011,2018-03-31,44.0
3012,2018-04-01,170.0
3013,2018-04-02,105.0
3014,2018-04-03,98.0
3015,2018-04-04,102.0
3016,2018-04-05,101.0
3017,2018-04-06,103.0
3018,2018-04-07,82.0
3019,2018-04-08,82.0
3020,2018-04-09,104.0
3021,2018-04-10,121.0
3022,2018-04-11,107.0
3023,2018-04-12,108.0
3024,2018-04-13,87.0
3025,2018-04-14,71.0
3026,2018-04-15,116.0
3027,2018-04-16,135.0
3028,2018-04-17,122.0
3029,2018-04-18,137.0
3030,2018-04-19,94.0
3031,2018-04-20,134.0
3032,2018-04-21,90.0
3033,2018-04-22,78.0
3034,2018-04-23,89.0
3035,2018-04-24,126.0
3036,2018-04-25,87.0
3037,2018-04-26,87.0
3038,2018-04-27,101.0
3039,2018-04-28,90.0
3040,2018-04-29,73.0
3041,2018-04-30,98.0
3042,2018-05-01,194.0
3043,2018-05-02,110.0
3044,2018-05-03,98.0
3045,2018-05-04,90.0
3046,2018-05-05,93.0
3047,2018-05-06,80.0
3048,2018-05-07,100.0
3049,2018-05-08,107.0
3050,2018-05-09,107.0
3051,2018-05-10,101.0
3052,2018-05-11,86.0
3053,2018-05-12,90.0
3054,2018-05-13,92.0
3055,2018-05-14,84.0
3056,2018-05-15,156.0
3057,2018-05-16,217.0
3058,2018-05-17,122.0
3059,2018-05-18,97.0
3060,2018-05-19,67.0
3061,2018-05-20,87.0
3062,2018-05-21,104.0
3063,2018-05-22,108.0
3064,2018-05-23,118.0
3065,2018-05-24,107.0
3066,2018-05-25,112.0
3067,2018-05-26,82.0
3068,2018-05-27,76.0
3069,2018-05-28,124.0
3070,2018-05-29,121.0
3071,2018-05-30,97.0
3072,2018-05-31,122.0
3073,2018-06-01,244.0
3074,2018-06-02,87.0
3075,2018-06-03,96.0
3076,2018-06-04,69.0
3077,2018-06-05,103.0
3078,2018-06-06,127.0
3079,2018-06-07,104.0
3080,2018-06-08,104.0
3081,2018-06-09,102.0
3082,2018-06-10,93.0
3083,2018-06-11,96.0
3084,2018-06-12,110.0
3085,2018-06-13,124.0
3086,2018-06-14,94.0
3087,2018-06-15,149.0
3088,2018-06-16,74.0
3089,2018-06-17,66.0
3090,2018-06-18,122.0
3091,2018-06-19,77.0
3092,2018-06-20,109.0
3093,2018-06-21,96.0
3094,2018-06-22,97.0
3095,2018-06-23,67.0
3096,2018-06-24,86.0
3097,2018-06-25,116.0
3098,2018-06-26,76.0
3099,2018-06-27,99.0
3100,2018-06-28,91.0
3101,2018-06-29,100.0
3102,2018-06-30,84.0
3103,2018-07-01,189.0
3104,2018-07-02,72.0
3105,2018-07-03,100.0
3106,2018-07-04,105.0
3107,2018-07-05,89.0
3108,2018-07-06,70.0
3109,2018-07-07,82.0
3110,2018-07-08,80.0
3111,2018-07-09,110.0
3112,2018-07-10,101.0
3113,2018-07-11,88.0
3114,2018-07-12,105.0
3115,2018-07-13,106.0
3116,2018-07-14,79.0
3117,2018-07-15,106.0
3118,2018-07-16,117.0
3119,2018-07-17,145.0
3120,2018-07-18,167.0
3121,2018-07-19,129.0
3122,2018-07-20,96.0
3123,2018-07-21,85.0
3124,2018-07-22,80.0
3125,2018-07-23,102.0
3126,2018-07-24,132.0
3127,2018-07-25,111.0
3128,2018-07-26,121.0
3129,2018-07-27,106.0
3130,2018-07-28,94.0
3131,2018-07-29,84.0
3132,2018-07-30,115.0
3133,2018-07-31,90.0
3134,2018-08-01,261.0
3135,2018-08-02,106.0
3136,2018-08-03,99.0
3137,2018-08-04,92.0
3138,2018-08-05,108.0
3139,2018-08-06,98.0
3140,2018-08-07,80.0
3141,2018-08-08,125.0
3142,2018-08-09,118.0
3143,2018-08-10,138.0
3144,2018-08-11,82.0
3145,2018-08-12,93.0
3146,2018-08-13,133.0
3147,2018-08-14,126.0
3148,2018-08-15,181.0
3149,2018-08-16,112.0
3150,2018-08-17,129.0
3151,2018-08-18,108.0
3152,2018-08-19,93.0
3153,2018-08-20,91.0
3154,2018-08-21,121.0
3155,2018-08-22,130.0
3156,2018-08-23,104.0
3157,2018-08-24,98.0
3158,2018-08-25,79.0
3159,2018-08-26,83.0
3160,2018-08-27,105.0
3161,2018-08-28,121.0
3162,2018-08-29,115.0
3163,2018-08-30,150.0
3164,2018-08-31,116.0
3165,2018-09-01,179.0
3166,2018-09-02,90.0
3167,2018-09-03,105.0
3168,2018-09-04,132.0
3169,2018-09-05,145.0
3170,2018-09-06,113.0
3171,2018-09-07,119.0
3172,2018-09-08,96.0
3173,2018-09-09,92.0
3174,2018-09-10,125.0
3175,2018-09-11,119.0
3176,2018-09-12,148.0
3177,2018-09-13,124.0
3178,2018-09-14,140.0
3179,2018-09-15,90.0
3180,2018-09-16,97.0
3181,2018-09-17,113.0
3182,2018-09-18,114.0
3183,2018-09-19,113.0
3184,2018-09-20,121.0
3185,2018-09-21,96.0
3186,2018-09-22,84.0
3187,2018-09-23,90.0
3188,2018-09-24,131.0
3189,2018-09-25,111.0
3190,2018-09-26,106.0
3191,2018-09-27,105.0
3192,2018-09-28,114.0
3193,2018-09-29,75.0
3194,2018-09-30,92.0
3195,2018-10-01,237.0
3196,2018-10-02,93.0
3197,2018-10-03,121.0
3198,2018-10-04,99.0
3199,2018-10-05,117.0
3200,2018-10-06,64.0
3201,2018-10-07,71.0
3202,2018-10-08,120.0
3203,2018-10-09,102.0
3204,2018-10-10,141.0
3205,2018-10-11,99.0
3206,2018-10-12,84.0
3207,2018-10-13,86.0
3208,2018-10-14,80.0
3209,2018-10-15,85.0
3210,2018-10-16,125.0
3211,2018-10-17,118.0
3212,2018-10-18,116.0
3213,2018-10-19,107.0
3214,2018-10-20,89.0
3215,2018-10-21,76.0
3216,2018-10-22,112.0
3217,2018-10-23,122.0
3218,2018-10-24,111.0
3219,2018-10-25,130.0
3220,2018-10-26,123.0
3221,2018-10-27,55.0
3222,2018-10-28,73.0
3223,2018-10-29,80.0
3224,2018-10-30,98.0
3225,2018-10-31,96.0
3226,2018-11-01,211.0
3227,2018-11-02,91.0
3228,2018-11-03,64.0
3229,2018-11-04,78.0
3230,2018-11-05,72.0
3231,2018-11-06,108.0
3232,2018-11-07,97.0
3233,2018-11-08,127.0
3234,2018-11-09,91.0
3235,2018-11-10,75.0
3236,2018-11-11,62.0
3237,2018-11-12,60.0
3238,2018-11-13,100.0
3239,2018-11-14,108.0
3240,2018-11-15,107.0
3241,2018-11-16,103.0
3242,2018-11-17,74.0
3243,2018-11-18,78.0
3244,2018-11-19,100.0
3245,2018-11-20,106.0
3246,2018-11-21,67.0
3247,2018-11-22,100.0
3248,2018-11-23,80.0
3249,2018-11-24,86.0
3250,2018-11-25,83.0
3251,2018-11-26,106.0
3252,2018-11-27,72.0
3253,2018-11-28,97.0
3254,2018-11-29,96.0
3255,2018-11-30,89.0
3256,2018-12-01,150.0
3257,2018-12-02,59.0
3258,2018-12-03,89.0
3259,2018-12-04,77.0
3260,2018-12-05,83.0
3261,2018-12-06,75.0
3262,2018-12-07,101.0
3263,2018-12-08,80.0
3264,2018-12-09,66.0
3265,2018-12-10,88.0
3266,2018-12-11,65.0
3267,2018-12-12,99.0
3268,2018-12-13,99.0
3269,2018-12-14,88.0
3270,2018-12-15,104.0
3271,2018-12-16,65.0
3272,2018-12-17,68.0
3273,2018-12-18,78.0
3274,2018-12-19,91.0
3275,2018-12-20,92.0
3276,2018-12-21,73.0
3277,2018-12-22,56.0
3278,2018-12-23,53.0
3279,2018-12-24,68.0
3280,2018-12-25,87.0
3281,2018-12-26,71.0
3282,2018-12-27,74.0
3283,2018-12-28,78.0
3284,2018-12-29,53.0
3285,2018-12-30,56.0
3286,2018-12-31,61.0
3287,2019-01-01,324.0
3288,2019-01-02,71.0
3289,2019-01-03,81.0
3290,2019-01-04,74.0
3291,2019-01-05,63.0
3292,2019-01-06,58.0
3293,2019-01-07,65.0
3294,2019-01-08,96.0
3295,2019-01-09,82.0
3296,2019-01-10,92.0
3297,2019-01-11,70.0
3298,2019-01-12,48.0
3299,2019-01-13,45.0
3300,2019-01-14,90.0
3301,2019-01-15,135.0
3302,2019-01-16,96.0
3303,2019-01-17,80.0
3304,2019-01-18,77.0
3305,2019-01-19,63.0
3306,2019-01-20,87.0
3307,2019-01-21,88.0
3308,2019-01-22,90.0
3309,2019-01-23,76.0
3310,2019-01-24,71.0
3311,2019-01-25,90.0
3312,2019-01-26,73.0
3313,2019-01-27,69.0
3314,2019-01-28,85.0
3315,2019-01-29,90.0
3316,2019-01-30,84.0
3317,2019-01-31,96.0
3318,2019-02-01,193.0
3319,2019-02-02,74.0
3320,2019-02-03,80.0
3321,2019-02-04,109.0
3322,2019-02-05,99.0
3323,2019-02-06,77.0
3324,2019-02-07,82.0
3325,2019-02-08,97.0
3326,2019-02-09,65.0
3327,2019-02-10,86.0
3328,2019-02-11,102.0
3329,2019-02-12,78.0
3330,2019-02-13,108.0
3331,2019-02-14,111.0
3332,2019-02-15,108.0
3333,2019-02-16,81.0
3334,2019-02-17,101.0
3335,2019-02-18,97.0
3336,2019-02-19,91.0
3337,2019-02-20,119.0
3338,2019-02-21,103.0
3339,2019-02-22,102.0
3340,2019-02-23,84.0
3341,2019-02-24,63.0
3342,2019-02-25,83.0
3343,2019-02-26,90.0
3344,2019-02-27,109.0
3345,2019-02-28,126.0
3346,2019-03-01,217.0
3347,2019-03-02,85.0
3348,2019-03-03,86.0
3349,2019-03-04,109.0
3350,2019-03-05,96.0
3351,2019-03-06,109.0
3352,2019-03-07,94.0
3353,2019-03-08,117.0
3354,2019-03-09,66.0
3355,2019-03-10,68.0
3356,2019-03-11,121.0
3357,2019-03-12,123.0
3358,2019-03-13,114.0
3359,2019-03-14,97.0
3360,2019-03-15,159.0
3361,2019-03-16,82.0
3362,2019-03-17,83.0
3363,2019-03-18,113.0
3364,2019-03-19,102.0
3365,2019-03-20,130.0
3366,2019-03-21,114.0
3367,2019-03-22,100.0
3368,2019-03-23,82.0
3369,2019-03-24,83.0
3370,2019-03-25,58.0
3371,2019-03-26,106.0
3372,2019-03-27,105.0
3373,2019-03-28,126.0
3374,2019-03-29,124.0
3375,2019-03-30,81.0
3376,2019-03-31,89.0
3377,2019-04-01,215.0
3378,2019-04-02,125.0
3379,2019-04-03,132.0
3380,2019-04-04,114.0
3381,2019-04-05,130.0
3382,2019-04-06,76.0
3383,2019-04-07,85.0
3384,2019-04-08,132.0
3385,2019-04-09,143.0
3386,2019-04-10,149.0
3387,2019-04-11,134.0
3388,2019-04-12,146.0
3389,2019-04-13,70.0
3390,2019-04-14,78.0
3391,2019-04-15,143.0
3392,2019-04-16,101.0
3393,2019-04-17,86.0
3394,2019-04-18,60.0
3395,2019-04-19,78.0
3396,2019-04-20,80.0
3397,2019-04-21,69.0
3398,2019-04-22,104.0
3399,2019-04-23,97.0
3400,2019-04-24,116.0
3401,2019-04-25,103.0
3402,2019-04-26,106.0
3403,2019-04-27,77.0
3404,2019-04-28,74.0
3405,2019-04-29,125.0
3406,2019-04-30,138.0
3407,2019-05-01,163.0
3408,2019-05-02,112.0
3409,2019-05-03,110.0
3410,2019-05-04,81.0
3411,2019-05-05,103.0
3412,2019-05-06,131.0
3413,2019-05-07,145.0
3414,2019-05-08,131.0
3415,2019-05-09,127.0
3416,2019-05-10,156.0
3417,2019-05-11,110.0
3418,2019-05-12,102.0
3419,2019-05-13,123.0
3420,2019-05-14,137.0
3421,2019-05-15,158.0
3422,2019-05-16,118.0
3423,2019-05-17,121.0
3424,2019-05-18,85.0
3425,2019-05-19,85.0
3426,2019-05-20,140.0
3427,2019-05-21,140.0
3428,2019-05-22,118.0
3429,2019-05-23,121.0
3430,2019-05-24,108.0
3431,2019-05-25,72.0
3432,2019-05-26,73.0
3433,2019-05-27,115.0
3434,2019-05-28,128.0
3435,2019-05-29,121.0
3436,2019-05-30,120.0
3437,2019-05-31,92.0
3438,2019-06-01,168.0
3439,2019-06-02,78.0
3440,2019-06-03,88.0
3441,2019-06-04,128.0
3442,2019-06-05,144.0
3443,2019-06-06,110.0
3444,2019-06-07,110.0
3445,2019-06-08,90.0
3446,2019-06-09,90.0
3447,2019-06-10,123.0
3448,2019-06-11,111.0
3449,2019-06-12,163.0
3450,2019-06-13,111.0
3451,2019-06-14,124.0
3452,2019-06-15,118.0
3453,2019-06-16,105.0
3454,2019-06-17,127.0
3455,2019-06-18,106.0
3456,2019-06-19,110.0
3457,2019-06-20,131.0
3458,2019-06-21,96.0
3459,2019-06-22,86.0
3460,2019-06-23,73.0
3461,2019-06-24,52.0
3462,2019-06-25,116.0
3463,2019-06-26,96.0
3464,2019-06-27,87.0
3465,2019-06-28,112.0
3466,2019-06-29,66.0
3467,2019-06-30,99.0
3468,2019-07-01,172.0
3469,2019-07-02,123.0
3470,2019-07-03,108.0
3471,2019-07-04,96.0
3472,2019-07-05,125.0
3473,2019-07-06,79.0
3474,2019-07-07,82.0
3475,2019-07-08,142.0
3476,2019-07-09,115.0
3477,2019-07-10,159.0
3478,2019-07-11,86.0
3479,2019-07-12,111.0
3480,2019-07-13,89.0
3481,2019-07-14,75.0
3482,2019-07-15,130.0
3483,2019-07-16,124.0
3484,2019-07-17,142.0
3485,2019-07-18,110.0
3486,2019-07-19,103.0
3487,2019-07-20,89.0
3488,2019-07-21,86.0
3489,2019-07-22,126.0
3490,2019-07-23,92.0
3491,2019-07-24,113.0
3492,2019-07-25,149.0
3493,2019-07-26,95.0
3494,2019-07-27,87.0
3495,2019-07-28,77.0
3496,2019-07-29,112.0
3497,2019-07-30,106.0
3498,2019-07-31,113.0
3499,2019-08-01,209.0
3500,2019-08-02,130.0
3501,2019-08-03,68.0
3502,2019-08-04,111.0
3503,2019-08-05,133.0
3504,2019-08-06,127.0
3505,2019-08-07,88.0
3506,2019-08-08,129.0
3507,2019-08-09,121.0
3508,2019-08-10,94.0
3509,2019-08-11,77.0
3510,2019-08-12,139.0
3511,2019-08-13,138.0
3512,2019-08-14,130.0
3513,2019-08-15,182.0
3514,2019-08-16,122.0
3515,2019-08-17,90.0
3516,2019-08-18,93.0
3517,2019-08-19,73.0
3518,2019-08-20,118.0
3519,2019-08-21,112.0
3520,2019-08-22,98.0
3521,2019-08-23,127.0
3522,2019-08-24,94.0
3523,2019-08-25,88.0
3524,2019-08-26,114.0
3525,2019-08-27,103.0
3526,2019-08-28,122.0
3527,2019-08-29,113.0
3528,2019-08-30,122.0
3529,2019-08-31,85.0
3530,2019-09-01,156.0
3531,2019-09-02,126.0
3532,2019-09-03,132.0
3533,2019-09-04,138.0
3534,2019-09-05,112.0
3535,2019-09-06,108.0
3536,2019-09-07,85.0
3537,2019-09-08,92.0
3538,2019-09-09,159.0
3539,2019-09-10,132.0
3540,2019-09-11,99.0
3541,2019-09-12,134.0
3542,2019-09-13,128.0
3543,2019-09-14,89.0
3544,2019-09-15,131.0
3545,2019-09-16,130.0
3546,2019-09-17,122.0
3547,2019-09-18,135.0
3548,2019-09-19,114.0
3549,2019-09-20,134.0
3550,2019-09-21,85.0
3551,2019-09-22,87.0
3552,2019-09-23,126.0
3553,2019-09-24,108.0
3554,2019-09-25,112.0
3555,2019-09-26,111.0
3556,2019-09-27,112.0
3557,2019-09-28,91.0
3558,2019-09-29,70.0
3559,2019-09-30,129.0
3560,2019-10-01,224.0
3561,2019-10-02,116.0
3562,2019-10-03,113.0
3563,2019-10-04,132.0
3564,2019-10-05,106.0
3565,2019-10-06,86.0
3566,2019-10-07,108.0
3567,2019-10-08,126.0
3568,2019-10-09,113.0
3569,2019-10-10,134.0
3570,2019-10-11,94.0
3571,2019-10-12,85.0
3572,2019-10-13,69.0
3573,2019-10-14,76.0
3574,2019-10-15,134.0
3575,2019-10-16,134.0
3576,2019-10-17,111.0
3577,2019-10-18,138.0
3578,2019-10-19,69.0
3579,2019-10-20,106.0
3580,2019-10-21,131.0
3581,2019-10-22,104.0
3582,2019-10-23,109.0
3583,2019-10-24,129.0
3584,2019-10-25,84.0
3585,2019-10-26,78.0
3586,2019-10-27,75.0
3587,2019-10-28,131.0
3588,2019-10-29,102.0
3589,2019-10-30,113.0
3590,2019-10-31,103.0
3591,2019-11-01,186.0
3592,2019-11-02,79.0
3593,2019-11-03,92.0
3594,2019-11-04,86.0
3595,2019-11-05,102.0
3596,2019-11-06,110.0
3597,2019-11-07,124.0
3598,2019-11-08,113.0
3599,2019-11-09,62.0
3600,2019-11-10,58.0
3601,2019-11-11,84.0
3602,2019-11-12,157.0
3603,2019-11-13,115.0
3604,2019-11-14,110.0
3605,2019-11-15,129.0
3606,2019-11-16,91.0
3607,2019-11-17,77.0
3608,2019-11-18,125.0
3609,2019-11-19,90.0
3610,2019-11-20,131.0
3611,2019-11-21,65.0
3612,2019-11-22,78.0
3613,2019-11-23,73.0
3614,2019-11-24,72.0
3615,2019-11-25,98.0
3616,2019-11-26,96.0
3617,2019-11-27,95.0
3618,2019-11-28,86.0
3619,2019-11-29,87.0
3620,2019-11-30,80.0
3621,2019-12-01,136.0
3622,2019-12-02,115.0
3623,2019-12-03,94.0
3624,2019-12-04,93.0
3625,2019-12-05,112.0
3626,2019-12-06,73.0
3627,2019-12-07,69.0
3628,2019-12-08,74.0
3629,2019-12-09,105.0
3630,2019-12-10,79.0
3631,2019-12-11,83.0
3632,2019-12-12,79.0
3633,2019-12-13,76.0
3634,2019-12-14,65.0
3635,2019-12-15,90.0
3636,2019-12-16,102.0
3637,2019-12-17,54.0
3638,2019-12-18,87.0
3639,2019-12-19,84.0
3640,2019-12-20,78.0
3641,2019-12-21,69.0
3642,2019-12-22,70.0
3643,2019-12-23,69.0
3644,2019-12-24,67.0
3645,2019-12-25,107.0
3646,2019-12-26,83.0
3647,2019-12-27,65.0
3648,2019-12-28,70.0
3649,2019-12-29,49.0
3650,2019-12-30,53.0
3651,2019-12-31,73.0
3652,2020-01-01,297.0
3653,2020-01-02,81.0
3654,2020-01-03,101.0
3655,2020-01-04,75.0
3656,2020-01-05,67.0
3657,2020-01-06,64.0
3658,2020-01-07,78.0
3659,2020-01-08,102.0
3660,2020-01-09,79.0
3661,2020-01-10,93.0
3662,2020-01-11,63.0
3663,2020-01-12,79.0
3664,2020-01-13,123.0
3665,2020-01-14,91.0
3666,2020-01-15,111.0
3667,2020-01-16,101.0
3668,2020-01-17,108.0
3669,2020-01-18,78.0
3670,2020-01-19,76.0
3671,2020-01-20,114.0
3672,2020-01-21,81.0
3673,2020-01-22,89.0
3674,2020-01-23,85.0
3675,2020-01-24,92.0
3676,2020-01-25,94.0
3677,2020-01-26,81.0
3678,2020-01-27,82.0
3679,2020-01-28,94.0
3680,2020-01-29,112.0
3681,2020-01-30,93.0
3682,2020-01-31,104.0
3683,2020-02-01,147.0
3684,2020-02-02,92.0
3685,2020-02-03,111.0
3686,2020-02-04,91.0
3687,2020-02-05,102.0
3688,2020-02-06,91.0
3689,2020-02-07,124.0
3690,2020-02-08,92.0
3691,2020-02-09,104.0
3692,2020-02-10,117.0
3693,2020-02-11,124.0
3694,2020-02-12,127.0
3695,2020-02-13,122.0
3696,2020-02-14,113.0
3697,2020-02-15,110.0
3698,2020-02-16,104.0
3699,2020-02-17,105.0
3700,2020-02-18,104.0
3701,2020-02-19,97.0
3702,2020-02-20,122.0
3703,2020-02-21,129.0
3704,2020-02-22,76.0
3705,2020-02-23,70.0
3706,2020-02-24,117.0
3707,2020-02-25,116.0
3708,2020-02-26,88.0
3709,2020-02-27,128.0
3710,2020-02-28,115.0
3711,2020-02-29,71.0
3712,2020-03-01,186.0
3713,2020-03-02,118.0
3714,2020-03-03,137.0
3715,2020-03-04,101.0
3716,2020-03-05,113.0
3717,2020-03-06,121.0
3718,2020-03-07,93.0
3719,2020-03-08,108.0
3720,2020-03-09,119.0
3721,2020-03-10,122.0
3722,2020-03-11,102.0
3723,2020-03-12,113.0
3724,2020-03-13,102.0
3725,2020-03-14,95.0
3726,2020-03-15,91.0
3727,2020-03-16,98.0
3728,2020-03-17,85.0
3729,2020-03-18,84.0
3730,2020-03-19,65.0
3731,2020-03-20,62.0
3732,2020-03-21,30.0
3733,2020-03-22,27.0
3734,2020-03-23,41.0
3735,2020-03-24,42.0
3736,2020-03-25,52.0
3737,2020-03-26,39.0
3738,2020-03-27,75.0
3739,2020-03-28,44.0
3740,2020-03-29,28.0
3741,2020-03-30,40.0
3742,2020-03-31,48.0
3743,2020-04-01,113.0
3744,2020-04-02,51.0
3745,2020-04-03,73.0
3746,2020-04-04,60.0
3747,2020-04-05,39.0
3748,2020-04-06,52.0
3749,2020-04-07,49.0
3750,2020-04-08,40.0
3751,2020-04-09,41.0
3752,2020-04-10,49.0
3753,2020-04-11,51.0
3754,2020-04-12,28.0
3755,2020-04-13,65.0
3756,2020-04-14,58.0
3757,2020-04-15,91.0
3758,2020-04-16,71.0
3759,2020-04-17,46.0
3760,2020-04-18,63.0
3761,2020-04-19,47.0
3762,2020-04-20,75.0
3763,2020-04-21,53.0
3764,2020-04-22,80.0
3765,2020-04-23,62.0
3766,2020-04-24,62.0
3767,2020-04-25,43.0
3768,2020-04-26,50.0
3769,2020-04-27,66.0
3770,2020-04-28,85.0
3771,2020-04-29,56.0
3772,2020-04-30,53.0
3773,2020-05-01,137.0
3774,2020-05-02,80.0
3775,2020-05-03,54.0
3776,2020-05-04,76.0
3777,2020-05-05,83.0
3778,2020-05-06,67.0
3779,2020-05-07,67.0
3780,2020-05-08,79.0
3781,2020-05-09,53.0
3782,2020-05-10,80.0
3783,2020-05-11,68.0
3784,2020-05-12,69.0
3785,2020-05-13,80.0
3786,2020-05-14,84.0
3787,2020-05-15,102.0
3788,2020-05-16,52.0
3789,2020-05-17,67.0
3790,2020-05-18,64.0
3791,2020-05-19,85.0
3792,2020-05-20,67.0
3793,2020-05-21,61.0
3794,2020-05-22,65.0
3795,2020-05-23,61.0
3796,2020-05-24,61.0
3797,2020-05-25,70.0
3798,2020-05-26,81.0
3799,2020-05-27,68.0
3800,2020-05-28,84.0
3801,2020-05-29,69.0
3802,2020-05-30,56.0
3803,2020-05-31,52.0
3804,2020-06-01,152.0
3805,2020-06-02,80.0
3806,2020-06-03,77.0
3807,2020-06-04,61.0
3808,2020-06-05,82.0
3809,2020-06-06,73.0
3810,2020-06-07,72.0
3811,2020-06-08,70.0
3812,2020-06-09,59.0
3813,2020-06-10,74.0
3814,2020-06-11,47.0
3815,2020-06-12,50.0
3816,2020-06-13,52.0
3817,2020-06-14,52.0
3818,2020-06-15,79.0
3819,2020-06-16,84.0
3820,2020-06-17,60.0
3821,2020-06-18,79.0
3822,2020-06-19,80.0
3823,2020-06-20,64.0
3824,2020-06-21,85.0
3825,2020-06-22,89.0
3826,2020-06-23,89.0
3827,2020-06-24,64.0
3828,2020-06-25,70.0
3829,2020-06-26,70.0
3830,2020-06-27,65.0
3831,2020-06-28,81.0
3832,2020-06-29,53.0
3833,2020-06-30,86.0
3834,2020-07-01,188.0
3835,2020-07-02,71.0
3836,2020-07-03,83.0
3837,2020-07-04,62.0
3838,2020-07-05,67.0
3839,2020-07-06,97.0
3840,2020-07-07,94.0
3841,2020-07-08,71.0
3842,2020-07-09,69.0
3843,2020-07-10,88.0
3844,2020-07-11,53.0
3845,2020-07-12,73.0
3846,2020-07-13,75.0
3847,2020-07-14,70.0
3848,2020-07-15,117.0
3849,2020-07-16,81.0
3850,2020-07-17,80.0
3851,2020-07-18,89.0
3852,2020-07-19,60.0
3853,2020-07-20,73.0
3854,2020-07-21,91.0
3855,2020-07-22,96.0
3856,2020-07-23,71.0
3857,2020-07-24,83.0
3858,2020-07-25,62.0
3859,2020-07-26,73.0
3860,2020-07-27,89.0
3861,2020-07-28,96.0
3862,2020-07-29,89.0
3863,2020-07-30,88.0
3864,2020-07-31,74.0
3865,2020-08-01,149.0
3866,2020-08-02,64.0
3867,2020-08-03,62.0
3868,2020-08-04,83.0
3869,2020-08-05,78.0
3870,2020-08-06,81.0
3871,2020-08-07,53.0
3872,2020-08-08,76.0
3873,2020-08-09,76.0
3874,2020-08-10,83.0
3875,2020-08-11,84.0
3876,2020-08-12,84.0
3877,2020-08-13,70.0
3878,2020-08-14,83.0
3879,2020-08-15,97.0
3880,2020-08-16,79.0
3881,2020-08-17,57.0
3882,2020-08-18,77.0
3883,2020-08-19,68.0
3884,2020-08-20,80.0
3885,2020-08-21,67.0
3886,2020-08-22,56.0
3887,2020-08-23,76.0
3888,2020-08-24,78.0
3889,2020-08-25,79.0
3890,2020-08-26,71.0
3891,2020-08-27,75.0
3892,2020-08-28,109.0
3893,2020-08-29,58.0
3894,2020-08-30,92.0
3895,2020-08-31,84.0
3896,2020-09-01,161.0
3897,2020-09-02,79.0
3898,2020-09-03,67.0
3899,2020-09-04,102.0
3900,2020-09-05,74.0
3901,2020-09-06,70.0
3902,2020-09-07,83.0
3903,2020-09-08,101.0
3904,2020-09-09,72.0
3905,2020-09-10,75.0
3906,2020-09-11,82.0
3907,2020-09-12,69.0
3908,2020-09-13,100.0
3909,2020-09-14,83.0
3910,2020-09-15,87.0
3911,2020-09-16,99.0
3912,2020-09-17,94.0
3913,2020-09-18,84.0
3914,2020-09-19,76.0
3915,2020-09-20,104.0
3916,2020-09-21,100.0
3917,2020-09-22,115.0
3918,2020-09-23,94.0
3919,2020-09-24,85.0
3920,2020-09-25,80.0
3921,2020-09-26,86.0
3922,2020-09-27,82.0
3923,2020-09-28,90.0
3924,2020-09-29,86.0
3925,2020-09-30,82.0
3926,2020-10-01,166.0
3927,2020-10-02,94.0
3928,2020-10-03,72.0
3929,2020-10-04,83.0
3930,2020-10-05,96.0
3931,2020-10-06,97.0
3932,2020-10-07,81.0
3933,2020-10-08,70.0
3934,2020-10-09,86.0
3935,2020-10-10,101.0
3936,2020-10-11,76.0
3937,2020-10-12,86.0
3938,2020-10-13,96.0
3939,2020-10-14,77.0
3940,2020-10-15,96.0
3941,2020-10-16,92.0
3942,2020-10-17,71.0
3943,2020-10-18,98.0
3944,2020-10-19,101.0
3945,2020-10-20,104.0
3946,2020-10-21,88.0
3947,2020-10-22,77.0
3948,2020-10-23,115.0
3949,2020-10-24,69.0
3950,2020-10-25,78.0
3951,2020-10-26,118.0
3952,2020-10-27,94.0
3953,2020-10-28,81.0
3954,2020-10-29,70.0
3955,2020-10-30,97.0
3956,2020-10-31,61.0
3957,2020-11-01,116.0
3958,2020-11-02,67.0
3959,2020-11-03,104.0
3960,2020-11-04,97.0
3961,2020-11-05,78.0
3962,2020-11-06,98.0
3963,2020-11-07,76.0
3964,2020-11-08,66.0
3965,2020-11-09,77.0
3966,2020-11-10,99.0
3967,2020-11-11,106.0
3968,2020-11-12,87.0
3969,2020-11-13,80.0
3970,2020-11-14,65.0
3971,2020-11-15,94.0
3972,2020-11-16,66.0
3973,2020-11-17,83.0
3974,2020-11-18,81.0
3975,2020-11-19,78.0
3976,2020-11-20,109.0
3977,2020-11-21,69.0
3978,2020-11-22,75.0
3979,2020-11-23,99.0
3980,2020-11-24,97.0
3981,2020-11-25,101.0
3982,2020-11-26,75.0
3983,2020-11-27,78.0
3984,2020-11-28,64.0
3985,2020-11-29,62.0
3986,2020-11-30,106.0
3987,2020-12-01,114.0
3988,2020-12-02,80.0
3989,2020-12-03,82.0
3990,2020-12-04,76.0
3991,2020-12-05,68.0
3992,2020-12-06,73.0
3993,2020-12-07,89.0
3994,2020-12-08,66.0
3995,2020-12-09,75.0
3996,2020-12-10,77.0
3997,2020-12-11,60.0
3998,2020-12-12,56.0
3999,2020-12-13,51.0
4000,2020-12-14,86.0
4001,2020-12-15,73.0
4002,2020-12-16,78.0
4003,2020-12-17,59.0
4004,2020-12-18,47.0
4005,2020-12-19,50.0
4006,2020-12-20,69.0
4007,2020-12-21,76.0
4008,2020-12-22,66.0
4009,2020-12-23,60.0
4010,2020-12-24,55.0
4011,2020-12-25,91.0
4012,2020-12-26,47.0
4013,2020-12-27,45.0
4014,2020-12-28,85.0
4015,2020-12-29,53.0
4016,2020-12-30,42.0
4017,2020-12-31,58.0
4018,2021-01-01,244.0
4019,2021-01-02,81.0
4020,2021-01-03,63.0
4021,2021-01-04,81.0
4022,2021-01-05,83.0
4023,2021-01-06,83.0
4024,2021-01-07,66.0
4025,2021-01-08,70.0
4026,2021-01-09,66.0
4027,2021-01-10,78.0
4028,2021-01-11,52.0
4029,2021-01-12,91.0
4030,2021-01-13,60.0
4031,2021-01-14,78.0
4032,2021-01-15,110.0
4033,2021-01-16,57.0
4034,2021-01-17,56.0
4035,2021-01-18,89.0
4036,2021-01-19,75.0
4037,2021-01-20,88.0
4038,2021-01-21,81.0
4039,2021-01-22,49.0
4040,2021-01-23,36.0
4041,2021-01-24,40.0
4042,2021-01-25,49.0
4043,2021-01-26,41.0
4044,2021-01-27,39.0
4045,2021-01-28,65.0
4046,2021-01-29,49.0
4047,2021-01-30,58.0
4048,2021-01-31,53.0
4049,2021-02-01,146.0
4050,2021-02-02,106.0
4051,2021-02-03,102.0
4052,2021-02-04,85.0
4053,2021-02-05,87.0
4054,2021-02-06,81.0
4055,2021-02-07,91.0
4056,2021-02-08,103.0
4057,2021-02-09,100.0
4058,2021-02-10,119.0
4059,2021-02-11,100.0
4060,2021-02-12,87.0
4061,2021-02-13,73.0
4062,2021-02-14,95.0
4063,2021-02-15,114.0
4064,2021-02-16,89.0
4065,2021-02-17,87.0
4066,2021-02-18,76.0
4067,2021-02-19,70.0
4068,2021-02-20,80.0
4069,2021-02-21,88.0
4070,2021-02-22,93.0
4071,2021-02-23,85.0
4072,2021-02-24,86.0
4073,2021-02-25,92.0
4074,2021-02-26,85.0
4075,2021-02-27,85.0
4076,2021-02-28,114.0
4077,2021-03-01,202.0
4078,2021-03-02,76.0
4079,2021-03-03,95.0
4080,2021-03-04,74.0
4081,2021-03-05,93.0
4082,2021-03-06,86.0
4083,2021-03-07,98.0
4084,2021-03-08,85.0
4085,2021-03-09,100.0
4086,2021-03-10,103.0
4087,2021-03-11,88.0
4088,2021-03-12,93.0
4089,2021-03-13,72.0
4090,2021-03-14,86.0
4091,2021-03-15,128.0
4092,2021-03-16,109.0
4093,2021-03-17,96.0
4094,2021-03-18,89.0
4095,2021-03-19,80.0
4096,2021-03-20,91.0
4097,2021-03-21,94.0
4098,2021-03-22,73.0
4099,2021-03-23,95.0
4100,2021-03-24,106.0
4101,2021-03-25,75.0
4102,2021-03-26,86.0
4103,2021-03-27,73.0
4104,2021-03-28,75.0
4105,2021-03-29,91.0
4106,2021-03-30,88.0
4107,2021-03-31,75.0
4108,2021-04-01,131.0
4109,2021-04-02,58.0
4110,2021-04-03,58.0
4111,2021-04-04,93.0
4112,2021-04-05,84.0
4113,2021-04-06,77.0
4114,2021-04-07,67.0
4115,2021-04-08,84.0
4116,2021-04-09,76.0
4117,2021-04-10,85.0
4118,2021-04-11,82.0
4119,2021-04-12,109.0
4120,2021-04-13,100.0
4121,2021-04-14,101.0
4122,2021-04-15,110.0
4123,2021-04-16,92.0
4124,2021-04-17,56.0
4125,2021-04-18,64.0
4126,2021-04-19,84.0
4127,2021-04-20,112.0
4128,2021-04-21,74.0
4129,2021-04-22,69.0
4130,2021-04-23,73.0
4131,2021-04-24,67.0
4132,2021-04-25,69.0
4133,2021-04-26,78.0
4134,2021-04-27,90.0
4135,2021-04-28,81.0
4136,2021-04-29,65.0
4137,2021-04-30,76.0
4138,2021-05-01,120.0
4139,2021-05-02,72.0
4140,2021-05-03,92.0
4141,2021-05-04,73.0
4142,2021-05-05,72.0
4143,2021-05-06,62.0
4144,2021-05-07,75.0
4145,2021-05-08,58.0
4146,2021-05-09,76.0
4147,2021-05-10,102.0
4148,2021-05-11,94.0
4149,2021-05-12,64.0
4150,2021-05-13,82.0
4151,2021-05-14,87.0
4152,2021-05-15,92.0
4153,2021-05-16,94.0
4154,2021-05-17,65.0
4155,2021-05-18,83.0
4156,2021-05-19,64.0
4157,2021-05-20,100.0
4158,2021-05-21,108.0
4159,2021-05-22,64.0
4160,2021-05-23,56.0
4161,2021-05-24,92.0
4162,2021-05-25,66.0
4163,2021-05-26,46.0
4164,2021-05-27,56.0
4165,2021-05-28,76.0
4166,2021-05-29,84.0
4167,2021-05-30,82.0
4168,2021-05-31,101.0
4169,2021-06-01,198.0
4170,2021-06-02,70.0
4171,2021-06-03,81.0
4172,2021-06-04,95.0
4173,2021-06-05,66.0
4174,2021-06-06,88.0
4175,2021-06-07,58.0
4176,2021-06-08,79.0
4177,2021-06-09,67.0
4178,2021-06-10,75.0
4179,2021-06-11,71.0
4180,2021-06-12,84.0
4181,2021-06-13,65.0
4182,2021-06-14,56.0
4183,2021-06-15,96.0
4184,2021-06-16,91.0
4185,2021-06-17,92.0
4186,2021-06-18,92.0
4187,2021-06-19,68.0
4188,2021-06-20,74.0
4189,2021-06-21,82.0
4190,2021-06-22,73.0
4191,2021-06-23,69.0
4192,2021-06-24,66.0
4193,2021-06-25,66.0
4194,2021-06-26,83.0
4195,2021-06-27,69.0
4196,2021-06-28,83.0
4197,2021-06-29,65.0
4198,2021-06-30,65.0
4199,2021-07-01,138.0
4200,2021-07-02,65.0
4201,2021-07-03,78.0
4202,2021-07-04,64.0
4203,2021-07-05,80.0
4204,2021-07-06,84.0
4205,2021-07-07,75.0
4206,2021-07-08,82.0
4207,2021-07-09,81.0
4208,2021-07-10,82.0
4209,2021-07-11,85.0
4210,2021-07-12,90.0
4211,2021-07-13,93.0
4212,2021-07-14,71.0
4213,2021-07-15,115.0
4214,2021-07-16,85.0
4215,2021-07-17,86.0
4216,2021-07-18,89.0
4217,2021-07-19,75.0
4218,2021-07-20,65.0
4219,2021-07-21,108.0
4220,2021-07-22,108.0
4221,2021-07-23,75.0
4222,2021-07-24,66.0
4223,2021-07-25,59.0
4224,2021-07-26,71.0
4225,2021-07-27,108.0
4226,2021-07-28,86.0
4227,2021-07-29,87.0
4228,2021-07-30,97.0
4229,2021-07-31,82.0
4230,2021-08-01,124.0
4231,2021-08-02,91.0
4232,2021-08-03,87.0
4233,2021-08-04,82.0
4234,2021-08-05,88.0
4235,2021-08-06,88.0
4236,2021-08-07,82.0
4237,2021-08-08,90.0
4238,2021-08-09,98.0
4239,2021-08-10,101.0
4240,2021-08-11,79.0
4241,2021-08-12,98.0
4242,2021-08-13,86.0
4243,2021-08-14,81.0
4244,2021-08-15,98.0
4245,2021-08-16,75.0
4246,2021-08-17,95.0
4247,2021-08-18,96.0
4248,2021-08-19,77.0
4249,2021-08-20,100.0
4250,2021-08-21,92.0
4251,2021-08-22,77.0
4252,2021-08-23,105.0
4253,2021-08-24,106.0
4254,2021-08-25,89.0
4255,2021-08-26,86.0
4256,2021-08-27,106.0
4257,2021-08-28,75.0
4258,2021-08-29,72.0
4259,2021-08-30,108.0
4260,2021-08-31,104.0
4261,2021-09-01,168.0
4262,2021-09-02,96.0
4263,2021-09-03,72.0
4264,2021-09-04,71.0
4265,2021-09-05,106.0
4266,2021-09-06,107.0
4267,2021-09-07,113.0
4268,2021-09-08,107.0
4269,2021-09-09,118.0
4270,2021-09-10,104.0
4271,2021-09-11,90.0
4272,2021-09-12,68.0
4273,2021-09-13,100.0
4274,2021-09-14,99.0
4275,2021-09-15,108.0
4276,2021-09-16,71.0
4277,2021-09-17,95.0
4278,2021-09-18,96.0
4279,2021-09-19,83.0
4280,2021-09-20,106.0
4281,2021-09-21,96.0
4282,2021-09-22,80.0
4283,2021-09-23,107.0
4284,2021-09-24,80.0
4285,2021-09-25,87.0
4286,2021-09-26,83.0
4287,2021-09-27,102.0
4288,2021-09-28,96.0
4289,2021-09-29,85.0
4290,2021-09-30,93.0
4291,2021-10-01,169.0
4292,2021-10-02,85.0
4293,2021-10-03,98.0
4294,2021-10-04,100.0
4295,2021-10-05,103.0
4296,2021-10-06,74.0
4297,2021-10-07,99.0
4298,2021-10-08,88.0
4299,2021-10-09,79.0
4300,2021-10-10,76.0
4301,2021-10-11,99.0
4302,2021-10-12,92.0
4303,2021-10-13,86.0
4304,2021-10-14,83.0
4305,2021-10-15,112.0
4306,2021-10-16,71.0
4307,2021-10-17,70.0
4308,2021-10-18,48.0
4309,2021-10-19,87.0
4310,2021-10-20,90.0
4311,2021-10-21,91.0
4312,2021-10-22,90.0
4313,2021-10-23,53.0
4314,2021-10-24,70.0
4315,2021-10-25,87.0
4316,2021-10-26,74.0
4317,2021-10-27,69.0
4318,2021-10-28,88.0
4319,2021-10-29,56.0
4320,2021-10-30,60.0
4321,2021-10-31,70.0
4322,2021-11-01,108.0
4323,2021-11-02,76.0
4324,2021-11-03,72.0
4325,2021-11-04,75.0
4326,2021-11-05,95.0
4327,2021-11-06,70.0
4328,2021-11-07,74.0
4329,2021-11-08,63.0
4330,2021-11-09,72.0
4331,2021-11-10,74.0
4332,2021-11-11,92.0
4333,2021-11-12,75.0
4334,2021-11-13,64.0
4335,2021-11-14,70.0
4336,2021-11-15,61.0
4337,2021-11-16,70.0
4338,2021-11-17,87.0
4339,2021-11-18,93.0
4340,2021-11-19,64.0
4341,2021-11-20,81.0
4342,2021-11-21,67.0
4343,2021-11-22,75.0
4344,2021-11-23,69.0
4345,2021-11-24,86.0
4346,2021-11-25,68.0
4347,2021-11-26,70.0
4348,2021-11-27,59.0
4349,2021-11-28,53.0
4350,2021-11-29,79.0
4351,2021-11-30,69.0
4352,2021-12-01,74.0
4353,2021-12-02,49.0
4354,2021-12-03,48.0
4355,2021-12-04,52.0
4356,2021-12-05,45.0
4357,2021-12-06,64.0
4358,2021-12-07,48.0
4359,2021-12-08,55.0
4360,2021-12-09,48.0
4361,2021-12-10,47.0
4362,2021-12-11,35.0
4363,2021-12-12,39.0
4364,2021-12-13,55.0
4365,2021-12-14,42.0
4366,2021-12-15,46.0
4367,2021-12-16,30.0
4368,2021-12-17,37.0
4369,2021-12-18,35.0
4370,2021-12-19,35.0
4371,2021-12-20,69.0
4372,2021-12-21,41.0
4373,2021-12-22,40.0
4374,2021-12-23,35.0
4375,2021-12-24,23.0
4376,2021-12-25,74.0
4377,2021-12-26,32.0
4378,2021-12-27,47.0
4379,2021-12-28,30.0
4380,2021-12-29,31.0
4381,2021-12-30,11.0
4382,2021-12-31,17.0
4383,2022-01-01,137.0
4384,2022-01-02,65.0
4385,2022-01-03,61.0
4386,2022-01-04,66.0
4387,2022-01-05,54.0
4388,2022-01-06,47.0
4389,2022-01-07,53.0
4390,2022-01-08,70.0
4391,2022-01-09,53.0
4392,2022-01-10,52.0
4393,2022-01-11,53.0
4394,2022-01-12,67.0
4395,2022-01-13,59.0
4396,2022-01-14,57.0
4397,2022-01-15,53.0
4398,2022-01-16,48.0
4399,2022-01-17,72.0
4400,2022-01-18,65.0
4401,2022-01-19,59.0
4402,2022-01-20,84.0
4403,2022-01-21,67.0
4404,2022-01-22,69.0
4405,2022-01-23,53.0
4406,2022-01-24,69.0
4407,2022-01-25,57.0
4408,2022-01-26,70.0
4409,2022-01-27,45.0
4410,2022-01-28,65.0
4411,2022-01-29,50.0
4412,2022-01-30,49.0
4413,2022-01-31,65.0
4414,2022-02-01,66.0
4415,2022-02-02,53.0
4416,2022-02-03,54.0
4417,2022-02-04,71.0
4418,2022-02-05,66.0
4419,2022-02-06,62.0
4420,2022-02-07,80.0
4421,2022-02-08,75.0
4422,2022-02-09,61.0
4423,2022-02-10,69.0
4424,2022-02-11,63.0
4425,2022-02-12,55.0
4426,2022-02-13,53.0
4427,2022-02-14,78.0
4428,2022-02-15,62.0
4429,2022-02-16,57.0
4430,2022-02-17,56.0
4431,2022-02-18,53.0
4432,2022-02-19,45.0
4433,2022-02-20,44.0
4434,2022-02-21,69.0
4435,2022-02-22,41.0
4436,2022-02-23,47.0
4437,2022-02-24,44.0
4438,2022-02-25,44.0
4439,2022-02-26,25.0
4440,2022-02-27,36.0
4441,2022-02-28,19.0
